Year,Country,Song,Artist,Final_Place,Final_Points,Top 5,Top 10,Running_Order_Final,Grand_Final_Ind,Big6_Ind,Semi_Final_Num,Semi_Place,Semi_Points,Running_Order_Semi,National_Final,Genre,Solo_Artist,Sex,Returning_Artist_Ind,Number of Members,Language1,Language2,Language3,Language4,Language5,Language6,Multiple_Language,National_Language_Used,EU,NATO,Country_Group,MyESB_Community,MyESB_Personal,OGAE_Points,Qualification_Record,jury_points,tele_points,jury_points_sf,tele_points_sf,withdrawn_2026,country_code
2026,Albania,Nan,Alis,,,,,5,1,,2.0,,,13.0,1,,1,M,0,1,Albanian,,,,,,0,True,0,1,Southern,12,1,,0.571428571,,,,,False,ALB
2026,Armenia,Paloma Rumba,Simon,,,,,,0,,2.0,,,6.0,0,,1,M,0,1,English,,,,,,0,False,0,0,South-Eastern,30,19,,0.823529412,,,,,False,ARM
2026,Australia,Eclipse,Delta Goodrem,,,,,8,1,,2.0,,,11.0,0,,1,F,0,1,English,,,,,,0,True,0,0,Western,7,25,,0.7,,,,,False,AUS
2026,Austria,Tanzschein,Cosmo,,,,,25,1,1.0,,,,,1,,1,M,0,1,German,,,,,,0,True,1,0,Central,28,33,,0.588235294,,,,,False,AUT
2026,Azerbaijan,Just Go,Jiva,,,,,,0,,2.0,,,2.0,0,,1,F,0,1,English,Azerbaijani,,,,,1,True,0,0,South-Eastern,35,32,,0.764705882,,,,,False,AZE
2026,Belgium,Dancing on the Ice,Essyla,,,,,4,1,,1.0,,,11.0,0,,1,F,0,1,English,,,,,,0,False,1,1,Western,20,17,,0.428571429,,,,,False,BEL
2026,Bulgaria,Bangaranga,Dara,,,,,12,1,,2.0,,,1.0,1,,1,F,0,1,English,,,,,,0,False,1,1,Eastern,10,35,,0.357142857,,,,,False,BGR
2026,Croatia,Andromeda,Lelek,,,,,13,1,,1.0,,,3.0,1,,0,F,0,5,Croatian,,,,,,0,True,1,1,Southern,8,7,,0.473684211,,,,,False,HRV
2026,Cyprus,Jalla,Antigoni,,,,,21,1,,2.0,,,8.0,0,,1,F,0,1,English,Greek,,,,,1,True,1,0,South-Eastern,5,26,,0.6,,,,,False,CYP
2026,Czech Republic,Crossroads,Daniel Zizka,,,,,11,1,,2.0,,,5.0,0,,1,M,0,1,English,,,,,,0,False,1,1,Central,15,14,,0.384615385,,,,,False,CZE
2026,Denmark,For vi gar hjem,Soren Torpegaard Lund,,,,,1,1,,2.0,,,10.0,1,,1,M,0,1,Danish,,,,,,0,True,1,1,Northern,2,3,,0.619047619,,,,,False,DNK
2026,Estonia,Too Epic To Be True,Vanilla Ninja,,,,,,0,,1.0,,,9.0,1,,0,F,0,3,English,,,,,,0,False,1,1,Northern,32,31,,0.523809524,,,,,False,EST
2026,Finland,Liekinheitin,Linda Lampenius & Pete Parkkonen,,,,,17,1,,1.0,,,7.0,1,,0,Mixed,0,2,Finnish,,,,,,0,True,1,0,Northern,1,6,,0.619047619,,,,,False,FIN
2026,France,Regarde!,Monroe,,,,,15,1,1.0,,,,,0,,1,F,0,1,French,,,,,,0,True,1,1,Western,9,28,,,,,,,False,FRA
2026,Georgia,On Replay,Bzikebi,,,,,,0,,1.0,,,6.0,0,,0,Mixed,0,3,English,,,,,,0,False,0,0,South-Eastern,19,29,,0.470588235,,,,,False,GEO
2026,Germany,Fire,Sarah Engels,,,,,2,1,1.0,,,,,1,,1,F,0,1,English,,,,,,0,False,1,1,Central,24,23,,,,,,,False,DEU
2026,Greece,Ferto,Akylas,,,,,6,1,,1.0,,,4.0,1,,1,M,0,1,Greek,,,,,,0,True,1,1,Southern,4,27,,0.857142857,,,,,False,GRC
2026,Israel,Michelle,No'am Bettan,,,,,3,1,,1.0,,,10.0,1,,1,M,0,1,French,Hebrew,English,,,,1,True,0,0,South-Eastern,22,15,,0.666666667,,,,,False,ISR
2026,Italy,Per sempre si,Sal da Vinci,,,,,22,1,1.0,,,,,1,,1,M,0,1,Italian,,,,,,0,True,1,1,Western,18,8,,,,,,,False,ITA
2026,Latvia,Ena,Atvara,,,,,,0,,2.0,,,9.0,1,,1,F,0,1,Latvian,,,,,,0,True,1,1,Northern,27,21,,0.380952381,,,,,False,LVA
2026,Lithuania,Solo quiero mas,Lion Ceccah,,,,,19,1,,1.0,,,12.0,1,,1,M,0,1,Lithuanian,English,Spanish,French,German,Italian,1,True,1,1,Northern,29,9,,0.666666667,,,,,False,LTU
2026,Luxembourg,Mother Nature,Eva Marija,,,,,,0,,2.0,,,4.0,1,,1,F,0,1,English,,,,,,0,False,1,1,Western,26,10,,1.0,,,,,False,LUX
2026,Malta,Bella,Aidan,,,,,10,1,,2.0,,,14.0,1,,1,M,0,1,English,Maltese,,,,,1,True,1,0,Western,14,13,,0.523809524,,,,,False,MLT
2026,Moldova,"Viva, Moldova!",Satoshi,,,,,16,1,,1.0,,,1.0,1,,1,M,0,1,Romanian,English,Spanish,French,Hawaiian,Italian,1,False,0,0,Eastern,13,4,,0.65,,,,,False,MDA
2026,Montenegro,Nova zora,Tamara Zivkovic,,,,,,0,,1.0,,,8.0,1,,1,F,0,1,Montenegrin,,,,,,0,True,0,1,Southern,11,20,,0.153846154,,,,,False,MNE
2026,Norway,Ya Ya Ya,Jonas Lovv,,,,,23,1,,2.0,,,15.0,1,,1,M,0,1,English,,,,,,0,False,0,1,Northern,25,5,,0.857142857,,,,,False,NOR
2026,Poland,Pray,Alicja Szemplinska,,,,,18,1,,1.0,,,14.0,1,,1,F,0,1,English,,,,,,0,False,1,1,Eastern,31,11,,0.473684211,,,,,False,POL
2026,Portugal,Rosa,Bandidos do Cante,,,,,,0,,1.0,,,5.0,1,,0,M,0,5,Portuguese,,,,,,0,True,1,1,Western,33,22,,0.526315789,,,,,False,PRT
2026,Romania,Choke Me ,Alexandra Capitanescu,,,,,24,1,,2.0,,,3.0,1,,1,F,0,1,English,,,,,,0,False,1,1,Eastern,6,2,,0.777777778,,,,,False,ROU
2026,San Marino,Superstar,Senhit feat. Boy George,,,,,,0,,1.0,,,13.0,1,,0,Mixed,1,2,English,,,,,,0,False,0,0,Western,34,24,,0.266666667,,,,,False,SMR
2026,Serbia,Kraj mene,Lavina,,,,,9,1,,1.0,,,15.0,1,,0,M,0,6,Serbian,,,,,,0,True,0,0,Southern,16,16,,0.764705882,,,,,False,SRB
2026,Sweden,My System,Felicia,,,,,20,1,,1.0,,,2.0,1,,1,F,0,1,English,,,,,,0,False,1,0,Northern,3,12,,0.952380952,,,,,False,SWE
2026,Switzerland,Alice,Veronica Fusaro,,,,,,0,,2.0,,,7.0,0,,1,F,0,1,English,,,,,,0,False,0,0,Central,17,18,,0.476190476,,,,,False,CHE
2026,Ukraine,Ridnym,Leleka,,,,,7,1,,2.0,,,12.0,1,,1,F,0,1,English,Ukrainian,,,,,1,True,0,0,Eastern,21,30,,1.0,,,,,False,UKR
2026,United Kingdom,"Eins, zwei, drei",Look Mum No Computer,,,,,14,1,1.0,,,,,0,,1,M,0,1,English,German,,,,,1,True,0,1,Western,23,34,,,,,,,False,GBR
2025,Albania,Zjerm,Shkodra Elektronike,8.0,218.0,0.0,1.0,26.0,1.0,0.0,1.0,2.0,122.0,12.0,1,,0,Mixed,0,2,Albanian,,,,,,0,True,0,1,Southern,4,17,158.0,0.55,45.0,173.0,,,False,ALB
2025,Armenia,Survivor,Parg,20.0,72.0,0.0,0.0,18.0,1.0,0.0,2.0,10.0,51.0,5.0,1,,1,M ,0,1,English,,,,,,0,False,0,0,South-Eastern,30,30,0.0,0.8125,42.0,30.0,,,False,ARM
2025,Australia,Milkshake Man,Go-Jo,,,,,,0.0,0.0,2.0,11.0,41.0,1.0,0,,1,M,0,1,English,,,,,,0,True,0,0,Western,17,21,15.0,0.777777778,,,,,False,AUS
2025,Austria,Wasted Love,JJ,1.0,436.0,1.0,1.0,9.0,1.0,0.0,2.0,5.0,104.0,6.0,0,,1,M,0,1,English,,,,,,0,False,1,0,Central,1,11,382.0,0.5625,258.0,178.0,,,False,AUT
2025,Azerbaijan,Run with U,Mamagama,,,,,,0.0,0.0,1.0,15.0,7.0,10.0,0,,0,M,0,3,English,,,,,,0,False,0,0,South-Eastern,32,18,0.0,0.8125,,,,,False,AZE
2025,Belgium,Strobe Lights,Red Sebastian,,,,,,0.0,0.0,1.0,14.0,23.0,9.0,1,,1,M,0,1,English,,,,,,0,False,1,1,Western,22,14,17.0,0.45,,,,,False,BEL
2025,Croatia,Poison Cake,Marko Bosnjak,,,,,,0.0,0.0,1.0,12.0,28.0,14.0,1,,1,M,0,1,English,,,,,,0,False,1,1,Southern,34,34,0.0,0.5,,,,,False,HRV
2025,Cyprus,Shh,Theo Evan,,,,,,0.0,0.0,1.0,11.0,44.0,15.0,0,,1,M,0,1,English,,,,,,0,False,1,0,South-Eastern,27,27,0.0,0.631578947,,,,,False,CYP
2025,Czech Republic,Kiss Kiss Goodbye,Adonxs,,,,,,0.0,0.0,2.0,12.0,29.0,12.0,0,,1,M,0,1,English,,,,,,0,False,1,1,Central,14,19,34.0,0.416666667,,,,,False,CZE
2025,Denmark,Hallucination,Sissal,23.0,47.0,0.0,0.0,22.0,1.0,0.0,2.0,8.0,61.0,11.0,1,,1,F,0,1,English,,,,,,0,False,1,1,Northern,15,3,31.0,0.6,45.0,2.0,,,False,DNK
2025,Estonia,Espresso Macchiato,Tommy Cash,3.0,356.0,1.0,1.0,3.0,1.0,0.0,1.0,5.0,113.0,4.0,1,,1,M,0,1,Italian,English,,,,,1,False,1,1,Northern,18,24,85.0,0.5,98.0,258.0,,,False,EST
2025,Finland,Ich komme,Erika Vikman,11.0,196.0,0.0,0.0,13.0,1.0,0.0,2.0,3.0,115.0,16.0,1,,1,F,0,1,Finnish,,,,,,0,True,1,0,Northern,3,1,253.0,0.6,88.0,108.0,,,False,FIN
2025,France,Maman,Louane,7.0,230.0,0.0,1.0,24.0,1.0,1.0,,,,,0,,1,F,0,1,French,,,,,,0,True,1,1,Western,7,6,137.0,,180.0,50.0,,,False,FRA
2025,Georgia,Freedom,Mariam Shengelia,,,,,,0.0,0.0,2.0,15.0,28.0,10.0,0,,1,F,0,1,Georgian,English,,,,,1,True,0,0,South-Eastern,37,37,0.0,0.5,,,,,False,GEO
2025,Germany,Baller,Abor & Tynna,15.0,151.0,0.0,0.0,16.0,1.0,1.0,,,,,1,,0,Mixed,0,2,German,,,,,,0,True,1,1,Central,8,13,44.0,,77.0,74.0,,,False,DEU
2025,Greece,Asteromata,Klavdia,6.0,231.0,0.0,1.0,17.0,1.0,0.0,2.0,4.0,112.0,7.0,1,,1,F,0,1,Greek,,,,,,0,True,1,1,Southern,9,12,57.0,0.85,105.0,126.0,,,False,GRC
2025,Iceland,Roa,Vaeb,25.0,33.0,0.0,0.0,10.0,1.0,0.0,1.0,6.0,97.0,1.0,1,,0,M,0,2,Icelandic,,,,,,0,True,0,1,Northern,26,5,0.0,0.55,0.0,33.0,,,False,ISL
2025,Ireland,Laika Party,Emmy,,,,,,0.0,0.0,2.0,13.0,28.0,3.0,1,,1,F,0,1,English,,,,,,0,False,1,0,Western,29,35,6.0,0.45,,,,,False,IRL
2025,Israel,New Day Will Rise,Yuval Raphael,2.0,357.0,1.0,1.0,4.0,1.0,0.0,2.0,1.0,203.0,14.0,0,,1,F,0,1,English,French,Hebrew,,,,1,True,0,0,South-Eastern,21,31,58.0,0.65,60.0,297.0,,,False,ISR
2025,Italy,Volevo essere un duro,Lucio Corsi,5.0,256.0,1.0,1.0,14.0,1.0,1.0,,,,,1,,1,M,0,1,Italian,,,,,,0,True,1,1,Western,20,26,8.0,,159.0,97.0,,,False,ITA
2025,Latvia,Bur man laimi,Tautumeitas,13.0,158.0,0.0,0.0,11.0,1.0,0.0,2.0,2.0,130.0,4.0,1,,0,F,0,6,Latvian,,,,,,0,True,1,1,Northern,23,36,2.0,0.35,116.0,42.0,,,False,LVA
2025,Lithuania,Tavo akys,Katarsis,16.0,96.0,0.0,0.0,5.0,1.0,0.0,2.0,6.0,103.0,8.0,1,,0,Mixed,0,4,Lithuanian,,,,,,0,True,1,1,Northern,16,28,1.0,0.65,34.0,62.0,,,False,LTU
2025,Luxembourg,La poupee monte le son,Laura Thorn,22.0,47.0,0.0,0.0,2.0,1.0,0.0,2.0,7.0,62.0,13.0,1,,1,F,0,1,French,,,,,,0,True,1,1,Western,24,16,39.0,1.0,23.0,24.0,,,False,LUX
2025,Malta,Serving,Miriana Conte,17.0,91.0,0.0,0.0,20.0,1.0,0.0,2.0,9.0,53.0,9.0,1,,1,F,0,1,English,,,,,,0,False,1,0,Western,5,22,164.0,0.5,83.0,8.0,,,False,MLT
2025,Montenegro,Dobrodosli,Nina Zizic,,,,,,0.0,0.0,2.0,16.0,12.0,2.0,1,,1,F,1,1,Montenegrin,,,,,,0,True,0,1,Southern,33,33,0.0,0.166666667,,,,,False,MNE
2025,Netherlands,C'est la vie,Claude,12.0,175.0,0.0,0.0,12.0,1.0,0.0,1.0,3.0,121.0,13.0,0,,1,M,0,1,French,English,,,,,1,False,1,1,Western,10,4,278.0,0.5,133.0,42.0,,,False,NLD
2025,Norway,Lighter,Kyle Alessandro,18.0,89.0,0.0,0.0,1.0,1.0,0.0,1.0,8.0,82.0,8.0,1,,1,M,0,1,English,,,,,,0,False,0,1,Northern,6,32,71.0,0.85,22.0,67.0,,,False,NOR
2025,Poland,Gaja,Justyna Steczkowska,14.0,156.0,0.0,0.0,15.0,1.0,0.0,1.0,7.0,85.0,2.0,1,,1,F,1,1,Polish,English,,,,,1,True,1,1,Eastern,11,15,8.0,0.444444444,17.0,139.0,,,False,POL
2025,Portugal,Deslocado,Napa,21.0,50.0,0.0,0.0,21.0,1.0,0.0,1.0,9.0,56.0,7.0,1,,0,M,0,5,Portuguese,,,,,,0,True,1,1,Western,28,10,0.0,0.5,37.0,13.0,,,False,PRT
2025,San Marino,Tutta l'Italia,Gabry Ponte,26.0,27.0,0.0,0.0,25.0,1.0,0.0,1.0,10.0,46.0,11.0,1,,1,M,0,1,Italian,,,,,,0,True,0,0,Western,25,23,36.0,0.214285714,9.0,18.0,,,False,SMR
2025,Serbia,Mila,Princ,,,,,,0.0,0.0,2.0,14.0,28.0,15.0,1,,1,M,0,1,Serbian,,,,,,0,True,0,0,Southern,36,25,0.0,0.8125,,,,,False,SRB
2025,Slovenia,How Much Time Do We Have Left,Klemen,,,,,,0.0,0.0,1.0,13.0,23.0,3.0,1,,1,M,0,1,English,,,,,,0,False,1,1,Central,35,20,1.0,0.4,,,,,False,SVN
2025,Spain,Esa diva,Melody,24.0,37.0,0.0,0.0,6.0,1.0,1.0,,,,,1,,1,F,0,1,Spanish,,,,,,0,True,1,1,Western,13,8,136.0,,27.0,10.0,,,False,ESP
2025,Sweden,Bara bada bastu,KAJ,4.0,321.0,1.0,1.0,23.0,1.0,0.0,1.0,4.0,118.0,6.0,1,,0,M,0,3,Swedish,,,,,,0,True,1,0,Northern,2,2,421.0,0.95,126.0,195.0,,,False,SWE
2025,Switzerland,Voyage,Zoe Me,10.0,214.0,0.0,1.0,19.0,1.0,1.0,,,,,0,,1,F,0,1,French,,,,,,0,False,0,0,Central,12,7,44.0,0.45,214.0,0.0,,,False,CHE
2025,Ukraine,Bird of Pray,Ziferblat,9.0,218.0,0.0,1.0,7.0,1.0,0.0,1.0,1.0,137.0,5.0,1,,0,M,0,3,Ukrainian,English,,,,,1,True,0,0,Eastern,19,29,1.0,1.0,60.0,158.0,,,False,UKR
2025,United Kingdom,What the Hell Just Happened?,Remember Monday,19.0,88.0,0.0,0.0,8.0,1.0,1.0,,,,,0,,0,F,0,3,English,,,,,,0,True,0,1,Western,31,9,7.0,,88.0,0.0,,,False,GBR
2024,Albania,Titan,Besa,,,,,,0.0,0.0,2.0,15.0,14.0,2.0,1,,1,F,0,1,English,,,,,,0,False,0,1,Southern,34,21,0.0,0.578947368,,,,,False,ALB
2024,Armenia,Jako,Ladaniva,8.0,183.0,,1.0,19.0,1.0,0.0,2.0,3.0,137.0,8.0,0,,0,Mixed,0,2,Armenian,,,,,,0,True,0,0,South-Eastern,20,34,2.0,0.8,101.0,82.0,,,False,ARM
2024,Australia,One Milkali (One Blood),Electric Fields,,,,,,0.0,0.0,1.0,11.0,41.0,13.0,0,,0,M ,0,2,English,Yankunytjatjara,,,,,1,True,0,0,Western,32,3,5.0,0.875,,,,,False,AUS
2024,Austria,We Will Rave,Kaleen,24.0,24.0,,,26.0,1.0,0.0,2.0,9.0,46.0,6.0,0,,1,F,0,1,English,,,,,,0,False,1,0,Central,9,27,129.0,0.533333333,19.0,5.0,,,False,AUT
2024,Azerbaijan,Ozunle apar,Fahree ft. Ilkin Dovlatov,,,,,,0.0,0.0,1.0,14.0,11.0,12.0,0,,0,M,0,2,English,Azerbaijani,,,,,1,True,0,0,South-Eastern,29,22,3.0,0.866666667,,,,,False,AZE
2024,Belgium,Before the Party's Over,Mustii,,,,,,0.0,0.0,2.0,13.0,18.0,12.0,0,,1,M,0,1,English,,,,,,0,False,1,1,Western,5,9,223.0,0.473684211,,,,,False,BEL
2024,Croatia,Rim Tim Tagi Dim,Baby Lasagna,2.0,547.0,1.0,1.0,23.0,1.0,0.0,1.0,1.0,177.0,7.0,1,,1,M,0,1,English,,,,,,0,False,1,1,Southern,3,12,356.0,0.470588235,210.0,337.0,,,False,HRV
2024,Cyprus,Liar,Silia Lapsis,15.0,78.0,,,20.0,1.0,0.0,1.0,6.0,67.0,1.0,0,,1,F,0,1,English,,,,,,0,False,1,0,South-Eastern,19,35,4.0,0.611111111,34.0,44.0,,,False,CYP
2024,Czech Republic,Pedestal,Aiko,,,,,,0.0,0.0,2.0,11.0,38.0,5.0,1,,1,F,0,1,English,,,,,,0,False,1,1,Central,25,29,0.0,0.454545455,,,,,False,CZE
2024,Denmark,Sand,Saba,,,,,,0.0,0.0,2.0,12.0,36.0,7.0,1,,1,F,0,1,English,,,,,,0,False,1,1,Northern,24,31,12.0,0.631578947,,,,,False,DNK
2024,Estonia,(Nendest) narkootikumidest ei tea me (kull) midagi,5miinust and Puuluup,20.0,37.0,,,9.0,1.0,0.0,2.0,6.0,79.0,13.0,1,,0,M,0,6,Estonian,,,,,,0,True,1,1,Northern,21,28,5.0,0.473684211,4.0,33.0,,,False,EST
2024,Finland,No Rules!,Windows95man,19.0,38.0,,,17.0,1.0,0.0,1.0,7.0,59.0,10.0,1,,0,M,0,2,English,,,,,,0,False,1,0,Northern,28,14,0.0,0.578947368,7.0,31.0,,,False,FIN
2024,France,Mon amour,Slimane,4.0,445.0,1.0,1.0,25.0,1.0,1.0,,,,,0,,1,M,0,1,French,,,,,,0,True,1,1,Western,11,1,188.0,,218.0,227.0,,,False,FRA
2024,Georgia,Firefighter,Nutsa Buzaladze,21.0,34.0,,,24.0,1.0,0.0,2.0,8.0,54.0,11.0,0,,1,F,0,1,English,,,,,,0,False,0,0,South-Eastern,18,26,1.0,0.466666667,15.0,19.0,,,False,GEO
2024,Germany,Always on the Run,Isaak,12.0,117.0,,,3.0,1.0,1.0,,,,,1,,1,M,0,1,English,,,,,,0,False,1,1,Central,31,2,0.0,,99.0,18.0,,,False,DEU
2024,Greece,Zari,Marina Satti ,11.0,126.0,,,12.0,1.0,0.0,2.0,5.0,86.0,3.0,0,,1,F,0,1,Greek,,,,,,0,True,1,1,Southern,4,37,91.0,0.842105263,41.0,85.0,,,False,GRC
2024,Iceland,Scared of Heights,Hera Bjork,,,,,,0.0,0.0,1.0,15.0,3.0,8.0,1,,1,F,1,1,English,,,,,,0,False,0,1,Northern,36,25,0.0,0.578947368,,,,,False,ISL
2024,Ireland,Doomsday Blue,Bambie Thug,6.0,278.0,,1.0,10.0,1.0,0.0,1.0,3.0,124.0,4.0,1,,1,F,0,1,English,,,,,,0,False,1,0,Western,22,30,0.0,0.421052632,142.0,136.0,,,False,IRL
2024,Israel,Hurricane,Eden Golan,5.0,375.0,1.0,1.0,6.0,1.0,0.0,2.0,1.0,194.0,14.0,1,,1,F,0,1,English,Hebrew,,,,,1,True,0,0,South-Eastern,17,10,53.0,0.631578947,52.0,323.0,,,False,ISR
2024,Italy,La noia,Angelina Mango,7.0,268.0,,1.0,15.0,1.0,1.0,,,,,1,,1,F,0,1,Italian,,,,,,0,True,1,1,Western,1,13,338.0,,164.0,104.0,,,False,ITA
2024,Latvia,Hollow,Dons,16.0,64.0,,,11.0,1.0,0.0,2.0,7.0,72.0,9.0,1,,1,M,0,1,English,,,,,,0,False,1,1,Northern,35,17,0.0,0.315789474,36.0,28.0,,,False,LVA
2024,Lithuania,Luktelk,Silvester Belt,14.0,90.0,,,7.0,1.0,0.0,1.0,4.0,119.0,3.0,1,,1,M,0,1,Lithuanian,,,,,,0,True,1,1,Northern,7,8,108.0,0.631578947,32.0,58.0,,,False,LTU
2024,Luxembourg,Fighter,Tali,13.0,103.0,,,4.0,1.0,0.0,1.0,5.0,117.0,15.0,1,,1,F,0,1,French,English,,,,,1,True,1,1,Western,23,24,12.0,,83.0,20.0,,,False,LUX
2024,Malta,Loop,Sarah Bonnici,,,,,,0.0,0.0,2.0,16.0,13.0,1.0,1,,1,F,0,1,English,,,,,,0,False,1,0,Western,30,32,0.0,0.526315789,,,,,False,MLT
2024,Moldova,In the Middle,Natalia Barbu,,,,,,0.0,0.0,1.0,13.0,20.0,11.0,1,,1,F,1,1,English,,,,,,0,False,0,0,Eastern,37,33,0.0,0.684210526,,,,,False,MDA
2024,Netherlands,Europapa,Joost Klein,,,,,5.0,1.0,0.0,2.0,2.0,182.0,16.0,0,,1,M,0,1,Dutch,,,,,,0,True,1,1,Western,6,5,96.0,0.473684211,,,,,False,NLD
2024,Norway,Ulveham,Gate,25.0,16.0,,,14.0,1.0,0.0,2.0,10.0,43.0,15.0,1,,0,Mixed,0,5,Norwegian,,,,,,0,True,0,1,Northern,10,15,43.0,0.842105263,12.0,4.0,,,False,NOR
2024,Poland,The Tower,Luna,,,,,,0.0,0.0,1.0,12.0,35.0,6.0,0,,1,F,0,1,English,,,,,,0,False,1,1,Eastern,26,19,1.0,0.470588235,,,,,False,POL
2024,Portugal,Grito,Iolanda,10.0,152.0,,1.0,18.0,1.0,0.0,1.0,8.0,58.0,14.0,1,,1,F,0,1,Portuguese,,,,,,0,True,1,1,Western,27,36,0.0,0.470588235,139.0,13.0,,,False,PRT
2024,San Marino,11:11,Megara,,,,,,0.0,0.0,2.0,14.0,16.0,10.0,1,,0,Mixed,0,4,Spanish,English,,,,,1,False,0,0,Western,33,16,0.0,0.230769231,,,,,False,SMR
2024,Serbia,Ramonda,Teya Dora,17.0,54.0,,,16.0,1.0,0.0,1.0,10.0,47.0,2.0,1,,1,F,0,1,Serbian,,,,,,0,True,0,0,Southern,13,23,7.0,0.8,22.0,32.0,,,False,SRB
2024,Slovenia,Veronika,Raiven,23.0,27.0,,,22.0,1.0,0.0,1.0,9.0,51.0,9.0,0,,1,F,0,1,Slovene,,,,,,0,True,1,1,Central,15,18,10.0,0.368421053,15.0,12.0,,,False,SVN
2024,Spain,Zorra,Nebulossa,22.0,30.0,,,8.0,1.0,1.0,,,,,1,,0,Mixed,0,2,Spanish,,,,,,0,True,1,1,Western,14,11,103.0,,19.0,11.0,,,False,ESP
2024,Sweden,Unforgettable,Marcus & Martinus,9.0,174.0,,1.0,1.0,1.0,1.0,,,,,1,,0,M,0,2,English,,,,,,0,False,1,0,Northern,12,20,59.0,0.947368421,125.0,49.0,,,False,SWE
2024,Switzerland,The Code,Nemo,1.0,591.0,1.0,1.0,21.0,1.0,0.0,2.0,4.0,132.0,4.0,0,,1,M,0,1,English,,,,,,0,False,0,0,Central,2,6,290.0,0.421052632,365.0,226.0,,,False,CHE
2024,Ukraine,Teresa & Maria,Alyona Alyona & Jerry Heil,3.0,453.0,1.0,1.0,2.0,1.0,0.0,1.0,2.0,173.0,5.0,1,,0,F,0,2,Ukrainian,English,,,,,1,True,0,0,Eastern,8,4,150.0,1.0,146.0,307.0,,,False,UKR
2024,United Kingdom,Dizzy,Olly Alexander,18.0,46.0,,,13.0,1.0,1.0,,,,,0,,1,M,0,1,English,,,,,,0,True,0,1,Western,16,7,89.0,,46.0,0.0,,,False,GBR
2023,Albania,Duje,Albina & Familja Kelmendi,22.0,76.0,0.0,0.0,10.0,1.0,0.0,2.0,9.0,83.0,14.0,1,,0,Mixed,0,6,Albanian,,,,,,0,True,0,1,Southern,29,29,0.0,0.555555556,17.0,59.0,,,False,ALB
2023,Armenia,Future Lover,Brunette,14.0,122.0,0.0,0.0,17.0,1.0,0.0,2.0,6.0,99.0,2.0,0,,1,F,0,1,English, Armenian,,,,,1,False,0,0,South-Eastern,9,23,7.0,0.785714286,69.0,53.0,,,False,ARM
2023,Australia,Promise,Voyager,9.0,151.0,0.0,1.0,15.0,1.0,0.0,2.0,1.0,149.0,16.0,0,,0,Mixed,0,5,English,,,,,,0,True,0,0,Western,17,12,3.0,0.857142857,130.0,21.0,,,False,AUS
2023,Austria,Who The Hell Is Edgar?,Teya & Salena,15.0,120.0,0.0,0.0,1.0,1.0,0.0,2.0,2.0,137.0,13.0,0,,0,F,0,2,English,Italian,,,,,1,False,1,0,Central,4,8,228.0,0.5,104.0,16.0,,,False,AUT
2023,Azerbaijan,Tell Me More,TuralTuranX,,,,,,0.0,0.0,1.0,14.0,4.0,12.0,0,,0,M ,0,2,English,,,,,,0,False,0,0,South-Eastern,35,33,4.0,0.928571429,,,,,False,AZE
2023,Belgium,Because Of You,Gustaph,7.0,182.0,0.0,1.0,16.0,1.0,0.0,2.0,8.0,90.0,5.0,1,,1,M,0,1,English,,,,,,0,False,1,1,Western,20,10,21.0,0.444444444,127.0,55.0,,,False,BEL
2023,Croatia,Mama SC!,Let 3,13.0,123.0,0.0,0.0,25.0,1.0,0.0,1.0,8.0,76.0,7.0,1,,0,M,0,6,Croatian,,,,,,0,True,1,1,Southern,26,34,1.0,0.4375,11.0,112.0,,,False,HRV
2023,Cyprus,Break A Broken Heart,Andrew Lambrou,12.0,126.0,0.0,0.0,7.0,1.0,0.0,2.0,7.0,94.0,6.0,0,,1,M,0,1,English,,,,,,0,False,1,0,South-Eastern,18,31,14.0,0.588235294,68.0,58.0,,,False,CYP
2023,Czech Republic,My Sister's Crown,Vesna,10.0,129.0,0.0,1.0,14.0,1.0,0.0,1.0,4.0,110.0,13.0,1,,0,F,0,6,English, Ukrainian, Czech, Bulgarian,,,1,False,1,1,Central,8,26,91.0,0.4,94.0,35.0,,,False,CZE
2023,Denmark,Breaking My Heart,Reiley,,,,,,0.0,0.0,2.0,14.0,6.0,1.0,1,,1,M,0,1,English,,,,,,0,False,1,1,Northern,31,18,0.0,0.666666667,,,,,False,DNK
2023,Estonia,Bridges,Alika,8.0,168.0,0.0,1.0,12.0,1.0,0.0,2.0,10.0,74.0,4.0,1,,1,F,0,1,English,,,,,,0,False,1,1,Northern,14,22,6.0,0.444444444,146.0,22.0,,,False,EST
2023,Finland,Cha Cha Cha,Kaarija,2.0,526.0,1.0,1.0,13.0,1.0,0.0,1.0,1.0,177.0,15.0,1,,1,M,0,1,Finnish,,,,,,0,True,1,0,Northern,1,2,394.0,0.555555556,150.0,376.0,,,False,FIN
2023,France,Evidemment,La Zarra,16.0,104.0,0.0,0.0,6.0,1.0,1.0,,,,,0,,1,F,0,1,French,,,,,,0,True,1,1,Western,5,1,302.0,,54.0,50.0,,,False,FRA
2023,Georgia,Echo,Iru,,,,,,0.0,0.0,2.0,12.0,33.0,11.0,1,,1,F,0,1,English,,,,,,0,False,0,0,South-Eastern,23,36,3.0,0.5,,,,,False,GEO
2023,Germany,Blood & Glitter,Lord of the Lost,26.0,18.0,0.0,0.0,21.0,1.0,1.0,,,,,1,,0,M,0,6,English,,,,,,0,False,1,1,Central,22,24,2.0,,3.0,15.0,,,False,DEU
2023,Greece,What They Say,Victor Vernicos,,,,,,0.0,0.0,2.0,13.0,14.0,8.0,0,,1,M,0,1,English,,,,,,0,False,1,1,Southern,34,32,1.0,0.888888889,,,,,False,GRC
2023,Iceland,Power,Dilja,,,,,,0.0,0.0,2.0,11.0,44.0,7.0,1,,1,F,0,1,English,,,,,,0,False,0,1,Northern,30,28,0.0,0.611111111,,,,,False,ISL
2023,Ireland,We Are One,Wild Youth,,,,,,0.0,0.0,1.0,12.0,10.0,6.0,1,,0,M,0,4,English,,,,,,0,False,1,0,Western,33,16,0.0,0.444444444,,,,,False,IRL
2023,Israel,Unicorn,Noa Kirel,3.0,362.0,1.0,1.0,23.0,1.0,0.0,1.0,3.0,127.0,9.0,0,,1,F,0,1,English,Hebrew,,,,,1,True,0,0,South-Eastern,6,17,83.0,0.611111111,177.0,185.0,,,False,ISR
2023,Italy,Due Vite,Marco Mengoni,4.0,350.0,1.0,1.0,11.0,1.0,1.0,,,,,1,,1,M,1,1,Italian,,,,,,0,True,1,1,Western,12,11,226.0,,176.0,174.0,,,False,ITA
2023,Latvia,Aija,Sudden Lights,,,,,,0.0,0.0,1.0,11.0,34.0,4.0,1,,0,M,0,4,English,Latvian,,,,,1,True,1,1,Northern,21,19,0.0,0.333333333,,,,,False,LVA
2023,Lithuania,Stay,Monika Linkyte,11.0,127.0,0.0,0.0,22.0,1.0,0.0,2.0,4.0,110.0,15.0,1,,1,F,1,1,English,Lithuanian,,,,,1,True,1,1,Northern,25,14,5.0,0.611111111,81.0,46.0,,,False,LTU
2023,Malta,Dance (Our Own Party),The Busker,,,,,,0.0,0.0,1.0,15.0,3.0,2.0,1,,0,M,0,3,English,,,,,,0,False,1,0,Western,32,25,2.0,0.555555556,,,,,False,MLT
2023,Moldova,Soarele si Luna,Pasha Parfeni,18.0,96.0,0.0,0.0,18.0,1.0,0.0,1.0,5.0,109.0,10.0,1,,1,M,1,1,Romanian,,,,,,0,False,0,0,Eastern,15,21,32.0,0.666666667,20.0,76.0,,,False,MDA
2023,Netherlands,Burning Daylight,Mia Nicolai & Dion Cooper,,,,,,0.0,0.0,1.0,13.0,7.0,14.0,0,,0,Mixed,0,2,English,,,,,,0,False,1,1,Western,27,9,5.0,0.5,,,,,False,NLD
2023,Norway,Queen of Kings,Alessandra,5.0,268.0,1.0,1.0,20.0,1.0,0.0,1.0,6.0,102.0,1.0,1,,1,F,0,1,English,Italian,Latin,,,,1,False,0,1,Northern,3,5,263.0,0.833333333,52.0,216.0,,,False,NOR
2023,Poland,Solo,Blanka,19.0,93.0,0.0,0.0,4.0,1.0,0.0,2.0,3.0,124.0,9.0,1,,1,F,0,1,English,,,,,,0,False,1,1,Eastern,28,30,2.0,0.4375,12.0,81.0,,,False,POL
2023,Portugal,Ai Coracao,Mimicat,23.0,59.0,0.0,0.0,2.0,1.0,0.0,1.0,9.0,74.0,5.0,1,,1,F,0,1,Portuguese,,,,,,0,True,1,1,Western,16,13,14.0,0.4375,43.0,16.0,,,False,PRT
2023,Romania,D.G.T. (Off and On),Theodor Andrei,,,,,,0.0,0.0,2.0,15.0,0.0,3.0,1,,1,M,0,1,Romanian, English,,,,,1,True,1,1,Eastern,36,35,0.0,0.823529412,,,,,False,ROU
2023,San Marino,Like An Animal,Piqued Jacks,,,,,,0.0,0.0,2.0,16.0,0.0,12.0,1,,0,M,0,4,English,,,,,,0,False,0,0,Western,37,15,0.0,0.25,,,,,False,SMR
2023,Serbia,Samo Mi Se Spava,Luke Black,24.0,30.0,0.0,0.0,5.0,1.0,0.0,1.0,10.0,37.0,3.0,1,,1,M,0,1,Serbian, English,,,,,1,True,0,0,Southern,13,7,17.0,0.785714286,14.0,16.0,,,False,SRB
2023,Slovenia,Carpe Diem,Joker Out,21.0,78.0,0.0,0.0,24.0,1.0,0.0,2.0,5.0,103.0,10.0,0,,0,M,0,5,Slovene,,,,,,0,True,1,1,Central,10,6,34.0,0.333333333,33.0,45.0,,,False,SVN
2023,Spain,Eaea,Blanca Paloma,17.0,100.0,0.0,0.0,8.0,1.0,1.0,,,,,1,,1,F,0,1,Spanish,,,,,,0,True,1,1,Western,7,37,76.0,,95.0,5.0,,,False,ESP
2023,Sweden,Tattoo,Loreen,1.0,583.0,1.0,1.0,9.0,1.0,0.0,1.0,2.0,135.0,11.0,1,,1,F,1,1,English,,,,,,0,False,1,0,Northern,2,3,423.0,0.944444444,340.0,243.0,,,False,SWE
2023,Switzerland,Watergun,Remo Forrer,20.0,92.0,0.0,0.0,3.0,1.0,0.0,1.0,7.0,97.0,8.0,0,,1,M,0,1,English,,,,,,0,False,0,0,Central,19,20,23.0,0.388888889,61.0,31.0,,,False,CHE
2023,Ukraine,Heart Of Steel,TVORCHI,6.0,243.0,0.0,1.0,19.0,1.0,1.0,,,,,1,,0,M,0,2,English, Ukrainian,,,,,1,False,0,0,Eastern,24,27,0.0,1.0,54.0,189.0,,,False,UKR
2023,United Kingdom,I Wrote A Song,Mae Muller,25.0,24.0,0.0,0.0,26.0,1.0,1.0,,,,,0,,1,F,0,1,English,,,,,,0,True,0,1,Western,11,4,154.0,,15.0,9.0,,,False,GBR
2022,Albania,Sekret,Ronela Hajati,,,0.0,0.0,,0.0,0.0,1.0,12.0,58.0,1.0,1,,1,F,0,1,Albanian,English,Spanish,,,,1,True,0,1,Southern,14,23,88.0,0.588235294,,,12.0,46.0,False,ALB
2022,Armenia,Snap,Rosa Linn,20.0,61.0,0.0,0.0,8.0,1.0,0.0,1.0,5.0,187.0,17.0,0,,1,F,0,1,English,,,,,,0,False,0,0,South-Eastern,18,8,0.0,0.769230769,40.0,21.0,,,False,ARM
2022,Australia,Not The Same,Sheldon Riley,15.0,125.0,0.0,0.0,21.0,1.0,0.0,2.0,2.0,243.0,8.0,1,,1,M,0,1,English,,,,,,0,True,0,0,Western,17,3,16.0,0.833333333,123.0,2.0,,,False,AUS
2022,Austria,Halo,LUM!X feat. Pia Maria,,,0.0,0.0,,0.0,0.0,1.0,15.0,42.0,13.0,0,,0,Mixed,0,2,English,,,,,,0,False,1,0,Central,16,5,73.0,0.538461538,,,6.0,36.0,False,AUT
2022,Azerbaijan,Fade To Black,Nadir Rustamil,16.0,106.0,0.0,0.0,15.0,1.0,0.0,2.0,10.0,96.0,4.0,0,,1,M,0,1,English,,,,,,0,False,0,0,South-Eastern,26,22,0.0,0.923076923,103.0,3.0,,,False,AZE
2022,Belgium,Miss You,Jeremie Makiese,19.0,64.0,0.0,0.0,16.0,1.0,0.0,2.0,8.0,151.0,16.0,0,,1,M,0,1,English,,,,,,0,False,1,1,Western,24,17,2.0,0.411764706,59.0,5.0,,,False,BEL
2022,Bulgaria,Intention,Intelligent Music Project,,,0.0,0.0,,0.0,0.0,1.0,16.0,29.0,7.0,0,,0,Mixed,1,6,English,,,,,,0,False,1,1,Eastern,40,20,0.0,0.384615385,,,11.0,18.0,False,BGR
2022,Croatia,Guilty Pleasure,Mia Dimsic,,,0.0,0.0,,0.0,0.0,1.0,11.0,75.0,11.0,1,,1,F,0,1,English,Croatian,,,,,1,True,1,1,Southern,33,13,4.0,0.466666667,,,42.0,33.0,False,HRV
2022,Cyprus,Ella,Andromache,,,0.0,0.0,,0.0,0.0,2.0,12.0,63.0,9.0,0,,1,F,0,1,English,Greek,,,,,1,True,1,0,South-Eastern,15,25,59.0,0.625,,,9.0,54.0,False,CYP
2022,Czech Republic,Lights Off,We Are Domi,22.0,38.0,0.0,0.0,1.0,1.0,0.0,2.0,4.0,227.0,18.0,1,,0,Mixed,0,3,English,,,,,,0,False,1,1,Central,12,1,35.0,0.333333333,33.0,5.0,,,False,CZE
2022,Denmark,The Show,REDDI,,,0.0,0.0,,0.0,0.0,1.0,13.0,55.0,12.0,1,,0,F,0,4,English,,,,,,0,False,1,1,Northern,35,18,0.0,0.705882353,,,35.0,20.0,False,DNK
2022,Estonia,Hope,Stefan ,13.0,141.0,0.0,0.0,25.0,1.0,0.0,2.0,5.0,209.0,12.0,1,,1,M,0,1,English,,,,,,0,False,1,1,Northern,19,11,54.0,0.411764706,43.0,98.0,,,False,EST
2022,Finland,Jezebel,The Rasmus,21.0,38.0,0.0,0.0,4.0,1.0,0.0,2.0,7.0,162.0,1.0,1,,0,Mixed,0,4,English,,,,,,0,False,1,0,Northern,22,2,37.0,0.529411765,12.0,26.0,,,False,FIN
2022,France,Fulenn,Alvan & Ahez,24.0,17.0,0.0,0.0,6.0,1.0,1.0,,,,,1,,0,Mixed,0,4,Breton,,,,,,0,False,1,1,Western,10,35,175.0,,9.0,8.0,,,False,FRA
2022,Georgia,Lock Me In,Circus Mircus ,,,0.0,0.0,,0.0,0.0,2.0,18.0,22.0,5.0,0,,0,M,1,5,English,,,,,,0,False,0,0,South-Eastern,39,39,0.0,0.538461538,,,13.0,9.0,False,GEO
2022,Germany,Rockstars,Malik Harris,25.0,6.0,0.0,0.0,13.0,1.0,1.0,,,,,1,,1,M,0,1,English,,,,,,0,False,1,1,Central,28,32,2.0,,0.0,6.0,,,False,DEU
2022,Greece,Die Together,Amanda Georgiadi Tenfjord,8.0,215.0,0.0,1.0,17.0,1.0,0.0,1.0,3.0,211.0,15.0,0,,1,F,0,1,English,,,,,,0,False,1,1,Southern,6,36,38.0,0.882352941,158.0,57.0,,,False,GRC
2022,Iceland,Med Haekkandi Sol,Systur,23.0,20.0,0.0,0.0,18.0,1.0,0.0,1.0,10.0,103.0,14.0,1,,0,F,0,3,Icelandic,,,,,,0,True,0,1,Northern,27,15,0.0,0.588235294,10.0,10.0,,,False,ISL
2022,Ireland,That's Rich,Brooke,,,0.0,0.0,,0.0,0.0,2.0,15.0,47.0,10.0,1,,1,F,0,1,English,,,,,,0,False,1,0,Western,25,34,0.0,0.470588235,,,12.0,35.0,False,IRL
2022,Israel,I.M,Michael Ben David,,,0.0,0.0,,0.0,0.0,2.0,13.0,61.0,2.0,1,,1,M,0,1,English,Hebrew,,,,,1,True,0,0,South-Eastern,32,7,0.0,0.647058824,,,34.0,27.0,False,ISR
2022,Italy,Brividi ,Mahmood & Blanco,6.0,268.0,0.0,1.0,9.0,1.0,1.0,,,,,1,,0,M,1,2,Italian,,,,,,0,True,1,1,Western,4,10,387.0,,158.0,110.0,,,False,ITA
2022,Latvia,Eat Your Salad,Citi Zeni,,,0.0,0.0,,0.0,0.0,1.0,14.0,55.0,2.0,1,,0,M,0,6,English,,,,,,0,False,1,1,Northern,31,33,7.0,0.352941176,,,39.0,16.0,False,LVA
2022,Lithuania,Sentimentai ,Monika Liu,14.0,128.0,0.0,0.0,14.0,1.0,0.0,1.0,7.0,159.0,3.0,1,,1,F,0,1,Lithuanian,,,,,,0,True,1,1,Northern,21,31,11.0,0.588235294,35.0,93.0,,,False,LTU
2022,Malta,I Am What I Am,Emma Muscat,,,0.0,0.0,,0.0,0.0,2.0,16.0,47.0,6.0,1,,1,F,0,1,English,,,,,,0,False,1,0,Western,37,21,2.0,0.588235294,,,27.0,20.0,False,MLT
2022,Moldova,Trenuletul,Zdob si Zdub & Fratii Advahov ,7.0,253.0,0.0,1.0,19.0,1.0,0.0,1.0,8.0,154.0,9.0,0,,0,M,1,6,Romanian,English,,,,,1,False,0,0,Eastern,23,27,6.0,0.647058824,14.0,239.0,,,False,MDA
2022,Montenegro,Breathe,Vladana,,,0.0,0.0,,0.0,0.0,2.0,17.0,33.0,15.0,0,,1,F,0,1,English,Italian,,,,,1,False,0,1,Southern,36,37,0.0,0.181818182,,,11.0,22.0,False,MNE
2022,Netherlands,Die Diepte,S10,11.0,171.0,0.0,0.0,11.0,1.0,0.0,1.0,2.0,221.0,8.0,0,,1,F,0,1,Dutch,,,,,,0,True,1,1,Western,3,4,218.0,0.470588235,129.0,42.0,,,False,NLD
2022,North Macedonia,Circles,Andrea,,,0.0,0.0,,0.0,0.0,2.0,11.0,76.0,11.0,1,,1,F,0,1,English,,,,,,0,False,0,1,Southern,38,38,0.0,0.352941176,,,56.0,20.0,False,MKD
2022,Norway,Get That Wolf A Banana,Subwoolfer,10.0,182.0,0.0,1.0,7.0,1.0,0.0,1.0,6.0,177.0,16.0,1,,0,M,0,2,English,,,,,,0,False,0,1,Northern,9,28,120.0,0.823529412,36.0,146.0,,,False,NOR
2022,Poland,River,Ochman,12.0,151.0,0.0,0.0,23.0,1.0,0.0,2.0,6.0,198.0,14.0,1,,1,M,0,1,English,,,,,,0,False,1,1,Eastern,11,14,144.0,0.4,46.0,105.0,,,False,POL
2022,Portugal,"Saudade, Saudade",MARO,9.0,207.0,0.0,1.0,3.0,1.0,0.0,1.0,4.0,208.0,10.0,1,,1,F,0,1,English,Portuguese,,,,,1,True,1,1,Western,13,26,9.0,0.4,171.0,36.0,,,False,PRT
2022,Romania,Llamame,WRS,18.0,65.0,0.0,0.0,2.0,1.0,0.0,2.0,9.0,118.0,13.0,1,,1,M,0,1,English,Spanish,,,,,1,False,1,1,Eastern,20,29,2.0,0.8125,12.0,53.0,,,False,ROU
2022,San Marino,Stripper,Achille Laura,,,0.0,0.0,,0.0,0.0,2.0,14.0,50.0,7.0,1,,1,M,0,1,Italian,English,,,,,1,True,0,0,Western,30,30,0.0,0.272727273,,,21.0,29.0,False,SMR
2022,Serbia,In Corpore Sano,Konstrakta ,5.0,312.0,1.0,1.0,24.0,1.0,0.0,2.0,3.0,237.0,3.0,1,,1,F,0,1,Serbian,Latin,,,,,1,True,0,0,Southern,8,40,53.0,0.769230769,87.0,225.0,,,False,SRB
2022,Slovenia,Disko,LPS,,,0.0,0.0,,0.0,0.0,1.0,17.0,15.0,5.0,1,,0,Mixed,0,5,Slovene,,,,,,0,True,1,1,Central,29,12,0.0,0.352941176,,,7.0,8.0,False,SVN
2022,Spain,SloMo,Chanel,3.0,459.0,1.0,1.0,10.0,1.0,1.0,,,,,1,,1,F,0,1,Spanish,English,,,,,1,True,1,1,Western,1,16,294.0,,231.0,228.0,,,False,ESP
2022,Sweden,Cornelia Jacobs,Hold Me Closer,4.0,438.0,1.0,1.0,20.0,1.0,0.0,2.0,1.0,396.0,17.0,1,,1,F,0,1,English,,,,,,0,False,1,0,Northern,2,6,393.0,0.941176471,258.0,180.0,,,False,SWE
2022,Switzerland,Marius Bear,Boys Do Cry,17.0,78.0,0.0,0.0,5.0,1.0,0.0,1.0,9.0,118.0,4.0,0,,1,M,0,1,English,,,,,,0,False,0,0,Central,34,19,1.0,0.352941176,78.0,0.0,,,False,CHE
2022,Ukraine,Kalush Orchestra,Stefania,1.0,631.0,1.0,1.0,12.0,1.0,0.0,1.0,1.0,337.0,6.0,1,,0,M,1,6,Ukrainian,,,,,,0,True,0,0,Eastern,7,24,60.0,1.0,192.0,439.0,,,False,UKR
2022,United Kingdom,Spaceman,Sam Ryder,2.0,466.0,1.0,1.0,22.0,1.0,1.0,,,,,0,,1,M,0,1,English,,,,,,0,True,0,1,Western,5,9,204.0,,283.0,183.0,,,False,GBR
2021,Albania,Karma,Anxhela Peristeri,21.0,57.0,0.0,0.0,2.0,1.0,0.0,2.0,10.0,112.0,11.0,1,,1,F,0,1,Albanian,,,,,,0,True,0,1,Southern,24,26,0.0,0.6,22.0,35.0,,,False,ALB
2021,Australia,Technicolour,Montaigne,,,0.0,0.0,,0.0,0.0,1.0,14.0,28.0,5.0,0,,1,F,0,1,English,,,,,,0,True,0,0,Western,22,19,4.0,1.0,,,26.0,2.0,False,AUS
2021,Austria,Amen,Vincent Bueno,,,0.0,0.0,,0.0,0.0,2.0,12.0,66.0,5.0,0,,1,M,0,1,English,,,,,,0,False,1,0,Central,34,30,0.0,0.583333333,,,53.0,13.0,False,AUT
2021,Azerbaijan,Mata Hari,Efendi,20.0,65.0,0.0,0.0,21.0,1.0,0.0,1.0,8.0,138.0,14.0,0,,1,F,0,1,English,Azerbaijani,,,,,1,True,0,0,South-Eastern,10,21,59.0,0.916666667,32.0,33.0,,,False,AZE
2021,Belgium,The Wrong Place,Hooverphonic,19.0,74.0,0.0,0.0,4.0,1.0,0.0,1.0,9.0,117.0,11.0,0,,0,Mixed,0,3,English,,,,,,0,False,1,1,Western,17,20,7.0,0.375,71.0,3.0,,,False,BEL
2021,Bulgaria,Growing Up Is Getting Old,VICTORIA,11.0,170.0,0.0,0.0,17.0,1.0,0.0,2.0,3.0,250.0,13.0,0,,1,F,0,1,English,,,,,,0,False,1,1,Eastern,15,6,7.0,0.333333333,140.0,30.0,,,False,BGR
2021,Croatia,Tick-Tock,Albina,,,0.0,0.0,,0.0,0.0,1.0,11.0,110.0,10.0,1,,1,F,0,1,English,Croatian,,,,,1,True,1,1,Southern,20,24,30.0,0.5,,,57.0,53.0,False,HRV
2021,Cyprus,El Diablo,Elena Tsagrinou,16.0,94.0,0.0,0.0,1.0,1.0,0.0,1.0,6.0,170.0,8.0,0,,1,F,0,1,English,Spanish,,,,,1,False,1,0,South-Eastern,5,4,238.0,0.6,50.0,44.0,,,False,CYP
2021,Czech Republic,omaga,Benny Cristo,,,0.0,0.0,,0.0,0.0,2.0,15.0,23.0,3.0,0,,1,M,0,1,English,Czech,,,,,1,True,1,1,Central,29,23,0.0,0.375,,,23.0,0.0,False,CZE
2021,Denmark,Ove Os Pa Hinanden,Fyr Og Flamme,,,0.0,0.0,,0.0,0.0,2.0,11.0,89.0,17.0,1,,0,M ,0,2,Danish,,,,,,0,True,1,1,Northern,32,28,32.0,0.75,,,9.0,80.0,False,DNK
2021,Estonia,The Lucky One,Uku Suviste,,,0.0,0.0,,0.0,0.0,2.0,13.0,58.0,2.0,1,,1,M,0,1,English,,,,,,0,False,1,1,Northern,36,8,4.0,0.4375,,,29.0,29.0,False,EST
2021,Finland,Dark Side,Blind Channel,6.0,301.0,0.0,1.0,16.0,1.0,0.0,2.0,5.0,234.0,14.0,1,,0,M,0,6,English,,,,,,0,False,1,0,Northern,8,10,37.0,0.5,83.0,218.0,,,False,FIN
2021,France,Voila,Barbara Pravi,2.0,499.0,1.0,1.0,20.0,1.0,1.0,,,,,1,,1,F,0,1,French,,,,,,0,True,1,1,Western,3,18,318.0,,248.0,251.0,,,False,FRA
2021,Georgia,You,Tornike Kipiani,,,0.0,0.0,,0.0,0.0,2.0,16.0,16.0,10.0,0,,1,M,0,1,English,,,,,,0,False,0,0,South-Eastern,39,37,0.0,0.583333333,,,1.0,15.0,False,GEO
2021,Germany,I Don't Feel Hate,Jendrik,25.0,3.0,0.0,0.0,15.0,1.0,1.0,,,,,0,,1,M,0,1,English,German,,,,,1,True,1,1,Central,30,17,0.0,,3.0,0.0,,,False,DEU
2021,Greece,Last Dance,Stefania,10.0,170.0,0.0,1.0,10.0,1.0,0.0,2.0,6.0,184.0,4.0,0,,1,F,0,1,English,,,,,,0,False,1,1,Southern,13,15,58.0,0.875,91.0,79.0,,,False,GRC
2021,Iceland,10 Years,Dadi og Gagnamagnid,4.0,378.0,1.0,1.0,12.0,1.0,0.0,2.0,2.0,288.0,8.0,0,,0,Mixed,0,6,English,,,,,,0,False,0,1,Northern,11,1,50.0,0.5625,198.0,180.0,,,False,ISL
2021,Ireland,MAPS,Lesley Roy,,,0.0,0.0,,0.0,0.0,1.0,16.0,20.0,7.0,0,,1,F,0,1,English,,,,,,0,False,1,0,Western,25,31,10.0,0.5,,,16.0,4.0,False,IRL
2021,Israel,Set Me Free,Eden Alene,17.0,93.0,0.0,0.0,3.0,1.0,0.0,1.0,5.0,192.0,12.0,1,,1,F,0,1,English,Hebrew,,,,,1,True,0,0,South-Eastern,19,34,14.0,0.625,73.0,20.0,,,False,ISR
2021,Italy,Zitti E Buoni,Maneskin,1.0,524.0,1.0,1.0,24.0,1.0,1.0,,,,,1,,0,Mixed,0,4,Italian,,,,,,0,True,1,1,Western,1,11,81.0,,206.0,318.0,,,False,ITA
2021,Latvia,The Moon Is Rising,Samanta Tina,,,0.0,0.0,,0.0,0.0,2.0,17.0,14.0,15.0,0,,1,F,0,1,English,,,,,,0,False,1,1,Northern,31,38,3.0,0.375,,,4.0,10.0,False,LVA
2021,Lithuania,Discoteque,The Roop,8.0,220.0,0.0,1.0,18.0,1.0,0.0,1.0,4.0,203.0,1.0,1,,0,M,0,3,English,,,,,,0,False,1,1,Northern,9,7,301.0,0.5625,55.0,165.0,,,False,LTU
2021,Malta,Je Me Casse,Destiny,7.0,255.0,0.0,1.0,6.0,1.0,0.0,1.0,1.0,325.0,16.0,0,,1,F,0,1,English,French,,,,,1,False,1,0,Western,6,25,363.0,0.5625,208.0,47.0,,,False,MLT
2021,Moldova,SUGAR,Natalia Gordienko,13.0,115.0,0.0,0.0,14.0,1.0,0.0,2.0,7.0,179.0,7.0,0,,1,F,1,1,English,,,,,,0,False,0,0,Eastern,23,22,17.0,0.625,53.0,62.0,,,False,MDA
2021,Netherlands,Birth Of A New Age,Jeangu Macrooy,23.0,11.0,0.0,0.0,23.0,1.0,1.0,,,,,0,,1,M,0,1,English,Sranan Tongo,,,,,1,False,1,1,Western,33,32,0.0,0.4375,11.0,0.0,,,False,NLD
2021,North Macedonia,Here I Stand,Vasil,,,0.0,0.0,,0.0,0.0,1.0,15.0,23.0,6.0,0,,1,M,0,1,English,,,,,,0,False,0,1,Southern,38,27,0.0,0.375,,,12.0,11.0,False,MKD
2021,Norway,Fallen Angel,TIX,18.0,75.0,0.0,0.0,22.0,1.0,0.0,1.0,10.0,115.0,9.0,1,,1,M,0,1,English,,,,,,0,False,0,1,Northern,18,5,19.0,0.8125,15.0,60.0,,,False,NOR
2021,Poland,The Ride,RAFAL,,,0.0,0.0,,0.0,0.0,2.0,14.0,35.0,6.0,0,,1,M,0,1,English,,,,,,0,False,1,1,Eastern,37,12,0.0,0.428571429,,,18.0,17.0,False,POL
2021,Portugal,Love Is On My Side,The Black Mamba,12.0,153.0,0.0,0.0,7.0,1.0,0.0,2.0,4.0,239.0,12.0,1,,0,M,0,5,English,,,,,,0,False,1,1,Western,26,33,0.0,0.357142857,126.0,27.0,,,False,PRT
2021,Romania,Amnesia,ROXEN,,,0.0,0.0,,0.0,0.0,1.0,12.0,85.0,13.0,0,,1,F,0,1,English,,,,,,0,False,1,1,Eastern,14,14,39.0,0.866666667,,,58.0,27.0,False,ROU
2021,Russia,Russian Woman,Manizha,9.0,204.0,0.0,1.0,5.0,1.0,0.0,1.0,3.0,225.0,3.0,1,,1,F,0,1,Russian,English,,,,,1,True,0,0,Eastern,12,36,23.0,0.933333333,104.0,100.0,,,False,RUS
2021,San Marino,Adrenalina,Senhit ft Flo Rida,22.0,50.0,0.0,0.0,26.0,1.0,0.0,2.0,9.0,118.0,1.0,0,,0,Mixed,1,2,English,Italian,,,,,1,True,0,0,Western,7,2,237.0,0.2,37.0,13.0,,,False,SMR
2021,Serbia,Loco Loco,Hurricane,15.0,102.0,0.0,0.0,8.0,1.0,0.0,2.0,8.0,124.0,9.0,0,,0,F,1,3,Serbian,Spanish,,,,,1,True,0,0,Southern,16,35,11.0,0.75,20.0,82.0,,,False,SRB
2021,Slovenia,Amen,Ana Soklic,,,0.0,0.0,,0.0,0.0,1.0,13.0,44.0,2.0,0,,1,F,0,1,English,,,,,,0,False,1,1,Central,35,29,0.0,0.375,,,36.0,8.0,False,SVN
2021,Spain,Voy A Quedarme,Blas Canto,24.0,6.0,0.0,0.0,13.0,1.0,1.0,,,,,1,,1,M,0,1,Spanish,,,,,,0,True,1,1,Western,27,13,1.0,,6.0,0.0,,,False,ESP
2021,Sweden,Voices,Tusse,14.0,109.0,0.0,0.0,25.0,1.0,0.0,1.0,7.0,142.0,4.0,1,,1,M,0,1,English,,,,,,0,False,1,0,Northern,21,16,105.0,0.9375,46.0,63.0,,,False,SWE
2021,Switzerland,Tout l'Univers,Gjon's Tears,3.0,432.0,1.0,1.0,11.0,1.0,0.0,2.0,1.0,291.0,16.0,0,,1,M,0,1,French,,,,,,0,False,0,0,Central,2,3,358.0,0.3125,267.0,165.0,,,False,CHE
2021,Ukraine,Shum,Go_A,5.0,364.0,1.0,1.0,19.0,1.0,0.0,1.0,2.0,267.0,15.0,0,,0,Mixed,0,4,Ukrainian,,,,,,0,True,0,0,Eastern,4,39,64.0,1.0,97.0,267.0,,,False,UKR
2021,United Kingdom,Embers,James Newman,26.0,0.0,0.0,0.0,9.0,1.0,1.0,,,,,0,,1,M,0,1,English,,,,,,0,True,0,1,Western,28,9,4.0,,0.0,0.0,,,False,GBR
2019,Albania,Ktheju tokes,Jonida Maliqi,17.0,90.0,0.0,0.0,2.0,1.0,0.0,2.0,9.0,96.0,14.0,1,,1,F,0,1,Albanian,,,,,,0,True,0,1,Southern,16,35,10.0,0.533333333,43.0,47.0,,,False,ALB
2019,Armenia,Walking Out,Srbuk,,,0.0,0.0,,0.0,0.0,2.0,16.0,49.0,1.0,0,,1,F,0,1,English,,,,,,0,False,0,0,South-Eastern,18,16,9.0,0.833333333,,,26.0,23.0,False,ARM
2019,Australia,Zero Gravity,Kate Miller-Heidke,9.0,284.0,0.0,0.0,25.0,1.0,0.0,1.0,1.0,261.0,12.0,1,,1,F,0,1,English,,,,,,0,True,0,0,Western,10,34,2.0,1.0,153.0,131.0,,,False,AUS
2019,Austria,Limits,PAENDA,,,0.0,0.0,,0.0,0.0,2.0,17.0,21.0,9.0,0,,1,F,0,1,English,,,,,,0,False,1,0,Central,33,29,0.0,0.636363636,,,21.0,0.0,False,AUT
2019,Azerbaijan,Truth,Chingiz,8.0,302.0,0.0,0.0,20.0,1.0,0.0,2.0,5.0,224.0,18.0,0,,1,M,0,1,English,,,,,,0,False,0,0,South-Eastern,8,14,123.0,0.909090909,202.0,100.0,,,False,AZE
2019,Belarus,Like It,ZENA,24.0,31.0,0.0,0.0,19.0,1.0,0.0,1.0,10.0,122.0,8.0,1,,1,F,0,1,English,,,,,,0,False,0,0,Eastern,21,8,0.0,0.333333333,18.0,13.0,,,False,BLR
2019,Belgium,Wake Up,Eliot,,,0.0,0.0,,0.0,0.0,1.0,13.0,70.0,10.0,0,,1,M,0,1,English,,,,,,0,False,1,1,Western,22,33,17.0,0.4,,,50.0,20.0,False,BEL
2019,Croatia,The Dream,Roko,,,0.0,0.0,,0.0,0.0,2.0,14.0,64.0,10.0,1,,1,M,0,1,English,Croatian,,,,,1,True,1,1,Southern,36,27,0.0,0.538461538,,,26.0,38.0,False,HRV
2019,Cyprus,Replay,Tamta,13.0,109.0,0.0,0.0,11.0,1.0,0.0,1.0,9.0,149.0,1.0,0,,1,F,0,1,English,,,,,,0,False,1,0,South-Eastern,5,19,218.0,0.571428571,77.0,32.0,,,False,CYP
2019,Czech Republic,Friend of a Friend,Lake Malawi,11.0,157.0,0.0,0.0,3.0,1.0,0.0,1.0,2.0,242.0,6.0,1,,0,M,0,3,English,,,,,,0,False,1,1,Central,20,31,6.0,0.285714286,150.0,7.0,,,False,CZE
2019,Denmark,Love Is Forever,Leonora,12.0,120.0,0.0,0.0,6.0,1.0,0.0,2.0,10.0,94.0,7.0,1,,1,F,0,1,English,French,Danish,German,,,1,True,1,1,Northern,26,24,19.0,0.733333333,69.0,51.0,,,False,DNK
2019,Estonia,Storm,Victor Crone,20.0,76.0,0.0,0.0,18.0,1.0,0.0,1.0,4.0,198.0,14.0,1,,1,M,0,1,English,,,,,,0,False,1,1,Northern,25,5,7.0,0.4,28.0,48.0,,,False,EST
2019,Finland,Look Away,Darude feat. Sebastian Rejman,,,0.0,0.0,,0.0,0.0,1.0,17.0,23.0,3.0,1,,0,M,0,2,English,,,,,,0,False,1,0,Northern,38,18,0.0,0.533333333,,,9.0,14.0,False,FIN
2019,France,Roi,Bilal Hassani,16.0,105.0,0.0,0.0,21.0,1.0,1.0,,,,,1,,1,M,0,1,French,English,,,,,1,True,1,1,Western,13,21,25.0,,67.0,38.0,,,False,FRA
2019,Georgia,Keep on Going,Oto Nemsadze,,,0.0,0.0,,0.0,0.0,1.0,14.0,62.0,11.0,1,,1,M,0,1,Georgian,Abkhaz,,,,,1,True,0,0,South-Eastern,39,41,0.0,0.636363636,,,29.0,33.0,False,GEO
2019,Germany,Sister,S!sters,25.0,24.0,0.0,0.0,4.0,1.0,1.0,,,,,1,,0,F,0,2,English,,,,,,0,False,1,1,Central,31,25,0.0,,24.0,0.0,,,False,DEU
2019,Greece,Better Love,Katerine Duska,21.0,74.0,0.0,0.0,13.0,1.0,0.0,1.0,5.0,185.0,16.0,0,,1,F,0,1,English,,,,,,0,False,1,1,Southern,12,17,89.0,0.866666667,50.0,24.0,,,False,GRC
2019,Hungary,Az en apam,Joci Papai,,,0.0,0.0,,0.0,0.0,1.0,12.0,97.0,7.0,1,,1,M,1,1,Hungarian,,,,,,0,True,1,1,Central,30,6,2.0,0.833333333,,,65.0,32.0,False,HUN
2019,Iceland,Hatrid mun sigra,Hatari,10.0,232.0,0.0,0.0,17.0,1.0,0.0,1.0,3.0,221.0,13.0,1,,0,M,0,3,Icelandic,,,,,,0,True,0,1,Northern,6,30,114.0,0.533333333,46.0,186.0,,,False,ISL
2019,Ireland,22,Sarah McTernan,,,0.0,0.0,,0.0,0.0,2.0,18.0,16.0,2.0,0,,1,F,0,1,English,,,,,,0,False,1,0,Western,34,13,0.0,0.533333333,,,13.0,3.0,False,IRL
2019,Israel,Home,Kobi Marimi,23.0,35.0,0.0,0.0,14.0,1.0,1.0,,,,,1,,1,M,0,1,English,,,,,,0,False,0,0,South-Eastern,32,4,5.0,0.6,0.0,35.0,,,False,ISR
2019,Italy,Soldi,Mahmood,2.0,472.0,0.0,0.0,22.0,1.0,1.0,,,,,1,,1,M,0,1,Italian,Arabic,,,,,1,True,1,1,Western,2,10,411.0,,219.0,253.0,,,False,ITA
2019,Latvia,That Night,Carousel,,,0.0,0.0,,0.0,0.0,2.0,15.0,50.0,5.0,1,,0,Mixed,0,4,English,,,,,,0,False,1,1,Northern,35,36,2.0,0.4,,,37.0,13.0,False,LVA
2019,Lithuania,Run With The Lions,Jurij Veklenko,,,0.0,0.0,,0.0,0.0,2.0,11.0,93.0,12.0,1,,1,M,0,1,English,,,,,,0,False,1,1,Northern,37,12,0.0,0.6,,,16.0,77.0,False,LTU
2019,Malta,Chameleon,Michela,14.0,107.0,0.0,0.0,1.0,1.0,0.0,2.0,8.0,157.0,11.0,1,,1,F,0,1,English,,,,,,0,False,1,0,Western,7,11,64.0,0.533333333,87.0,20.0,,,False,MLT
2019,Moldova,Stay,Anna Odobescu,,,0.0,0.0,,0.0,0.0,2.0,12.0,85.0,3.0,1,,1,F,0,1,English,,,,,,0,False,0,0,Eastern,40,32,0.0,0.666666667,,,58.0,27.0,False,MDA
2019,Montenegro,Heaven,D mol,,,0.0,0.0,,0.0,0.0,1.0,16.0,46.0,2.0,1,,0,Mixed,0,6,English,,,,,,0,False,0,1,Southern,41,15,0.0,0.090909091,,,31.0,15.0,False,MNE
2019,Netherlands,Arcade,Duncan Laurence,1.0,498.0,0.0,0.0,12.0,1.0,0.0,2.0,1.0,280.0,16.0,0,,1,M,0,1,English,,,,,,0,False,1,1,Western,1,7,401.0,0.4,237.0,261.0,,,False,NLD
2019,North Macedonia,Proud,Tamara Todevska,7.0,305.0,0.0,0.0,8.0,1.0,0.0,2.0,2.0,239.0,17.0,0,,1,F,1,1,English,,,,,,0,False,0,1,Southern,17,38,13.0,0.333333333,247.0,58.0,,,False,MKD
2019,Norway,Spirit in the Sky,KEiiNO,6.0,331.0,0.0,0.0,15.0,1.0,0.0,2.0,7.0,210.0,15.0,1,,0,Mixed,0,3,English,Northern Sami,,,,,1,False,0,1,Northern,4,20,224.0,0.8,40.0,291.0,,,False,NOR
2019,Poland,Fire of Love (Pali sie),Tulia,,,0.0,0.0,,0.0,0.0,1.0,11.0,120.0,4.0,0,,1,F,0,1,Polish,English,,,,,1,True,1,1,Eastern,29,23,7.0,0.461538462,,,60.0,60.0,False,POL
2019,Portugal,Telemoveis,Conan Osiris,,,0.0,0.0,,0.0,0.0,1.0,15.0,51.0,15.0,1,,1,M,0,1,Portuguese,,,,,,0,True,1,1,Western,19,9,19.0,0.384615385,,,8.0,43.0,False,PRT
2019,Romania,On a Sunday,Ester Peony,,,0.0,0.0,,0.0,0.0,2.0,13.0,71.0,6.0,1,,1,F,0,1,English,,,,,,0,False,1,1,Eastern,23,37,0.0,0.928571429,,,47.0,24.0,False,ROU
2019,Russia,Scream,Sergey Lazarev,3.0,370.0,0.0,0.0,5.0,1.0,0.0,2.0,6.0,217.0,13.0,0,,1,M,1,1,English,,,,,,0,False,0,0,Eastern,9,26,106.0,0.928571429,126.0,244.0,,,False,RUS
2019,San Marino,Say Na Na Na,Serhat,19.0,77.0,0.0,0.0,7.0,1.0,0.0,1.0,8.0,150.0,17.0,0,,1,M,1,1,English,Turkish,,,,,1,False,0,0,Western,28,28,23.0,0.111111111,12.0,65.0,,,False,SMR
2019,Serbia,Kruna,Nevena Bozovic,18.0,89.0,0.0,0.0,23.0,1.0,0.0,1.0,7.0,156.0,9.0,1,,1,F,1,1,Serbian,English,,,,,1,True,0,0,Southern,24,39,0.0,0.727272727,35.0,54.0,,,False,SRB
2019,Slovenia,Sebi,Zala Kralj & Gasper Santl,15.0,105.0,0.0,0.0,10.0,1.0,0.0,1.0,6.0,167.0,5.0,1,,0,Mixed,0,2,Slovene,,,,,,0,True,1,1,Central,15,40,22.0,0.333333333,46.0,59.0,,,False,SVN
2019,Spain,La Venda,Miki,22.0,54.0,0.0,0.0,26.0,1.0,1.0,,,,,1,,1,M,0,1,Spanish,,,,,,0,True,1,1,Western,14,1,69.0,,1.0,53.0,,,False,ESP
2019,Sweden,Too Late For Love,John Lundvik,5.0,334.0,0.0,0.0,9.0,1.0,0.0,2.0,3.0,238.0,8.0,1,,1,M,0,1,English,,,,,,0,False,1,0,Northern,11,3,191.0,0.933333333,241.0,93.0,,,False,SWE
2019,Switzerland,She Got Me,Luca Hanni,4.0,364.0,0.0,0.0,24.0,1.0,0.0,2.0,4.0,232.0,4.0,0,,1,M,0,1,English,,,,,,0,False,0,0,Central,3,22,406.0,0.266666667,152.0,212.0,,,False,CHE
2019,United Kingdom,Bigger Than Us,Michael Rice,26.0,11.0,0.0,0.0,16.0,1.0,1.0,,,,,1,,1,M,0,1,English,,,,,,0,True,0,1,Western,27,2,6.0,,8.0,3.0,,,False,GBR
2018,Albania,Mall,Eugent Bushpepa,11.0,184.0,0.0,0.0,12.0,1.0,0.0,1.0,8.0,162.0,3.0,1,,1,M,0,1,Albanian,,,,,,0,True,0,1,Southern,22,25,0.0,0.5,126.0,58.0,,,False,ALB
2018,Armenia,Qami,Sevak Khanagyan,,,0.0,0.0,,0.0,0.0,1.0,15.0,79.0,16.0,1,,1,M,0,1,Armenian,,,,,,0,True,0,0,South-Eastern,36,35,0.0,0.909090909,,,38.0,41.0,False,ARM
2018,Australia,We Got Love,Jessica Mauboy,20.0,99.0,0.0,0.0,16.0,1.0,0.0,2.0,4.0,212.0,9.0,0,,1,F,0,1,English,,,,,,0,True,0,0,Western,14,9,202.0,1.0,90.0,9.0,,,False,AUS
2018,Austria,Nobody But You,Cesar Sampson,3.0,342.0,0.0,0.0,5.0,1.0,0.0,1.0,4.0,231.0,13.0,0,,1,M,0,1,English,,,,,,0,False,1,0,Central,11,3,70.0,0.6,271.0,71.0,,,False,AUT
2018,Azerbaijan,X My Heart,Aisel,,,0.0,0.0,,0.0,0.0,1.0,11.0,94.0,1.0,0,,1,M,0,1,English,,,,,,0,False,0,0,South-Eastern,28,18,5.0,1.0,,,47.0,47.0,False,AZE
2018,Belarus,Forever,ALEKSEEV,,,0.0,0.0,,0.0,0.0,1.0,16.0,65.0,8.0,1,,1,M,0,1,English,,,,,,0,False,0,0,Eastern,21,26,28.0,0.357142857,,,20.0,45.0,False,BLR
2018,Belgium,A Matter Of Time,Sennek,,,0.0,0.0,,0.0,0.0,1.0,12.0,91.0,4.0,0,,1,F,0,1,English,,,,,,0,False,1,1,Western,16,28,143.0,0.428571429,,,71.0,20.0,False,BEL
2018,Bulgaria,Bones,EQUINOX,14.0,166.0,0.0,0.0,18.0,1.0,0.0,1.0,7.0,177.0,10.0,0,,0,Mixed,0,5,English,,,,,,0,False,1,1,Eastern,3,4,178.0,0.272727273,100.0,66.0,,,False,BGR
2018,Croatia,Crazy,Franka,,,0.0,0.0,,0.0,0.0,1.0,17.0,63.0,12.0,0,,1,F,0,1,English,,,,,,0,False,1,1,Southern,37,34,0.0,0.583333333,,,46.0,17.0,False,HRV
2018,Cyprus,Fuego,Eleni Foureira,2.0,436.0,0.0,0.0,25.0,1.0,0.0,1.0,2.0,262.0,19.0,0,,1,F,0,1,English,Spanish,,,,,1,False,1,0,South-Eastern,1,6,106.0,0.538461538,183.0,253.0,,,False,CYP
2018,Czech Republic,Lie To Me,Mikolas Josef,6.0,281.0,0.0,0.0,14.0,1.0,0.0,1.0,3.0,232.0,5.0,1,,1,M,0,1,English,,,,,,0,False,1,1,Central,5,1,181.0,0.166666667,66.0,215.0,,,False,CZE
2018,Denmark,Higher Ground,Rasmussen,9.0,226.0,0.0,0.0,15.0,1.0,0.0,2.0,5.0,204.0,5.0,1,,1,M,0,1,English,Icelandic,,,,,1,False,1,1,Northern,15,14,99.0,0.714285714,38.0,188.0,,,False,DNK
2018,Estonia,La Forza,Elina Nechayeva,8.0,245.0,0.0,0.0,6.0,1.0,0.0,1.0,5.0,201.0,9.0,1,,1,F,0,1,Italian,,,,,,0,False,1,1,Northern,6,19,88.0,0.357142857,143.0,102.0,,,False,EST
2018,Finland,Monsters,Saara Aalto,25.0,46.0,0.0,0.0,17.0,1.0,0.0,1.0,10.0,108.0,15.0,1,,1,F,0,1,English,,,,,,0,False,1,0,Northern,8,2,226.0,0.5,23.0,23.0,,,False,FIN
2018,France,Mercy,Madame Monsieur,13.0,173.0,0.0,0.0,13.0,1.0,1.0,,,,,1,,0,Mixed,0,2,French,,,,,,0,True,1,1,Western,4,8,352.0,,114.0,59.0,,,False,FRA
2018,FYR Macedonia,Lost And Found,Eye Cue,,,0.0,0.0,,0.0,0.0,1.0,18.0,24.0,11.0,0,,0,Mixed,0,2,English,,,,,,0,False,0,1,Southern,25,32,15.0,0.357142857,,,,,False,MKD
2018,Georgia,For You,Ethno-Jazz Band Iriao,,,0.0,0.0,,0.0,0.0,2.0,18.0,24.0,10.0,0,,0,M,0,5,Georgian,,,,,,0,True,0,0,South-Eastern,42,43,0.0,0.7,,,11.0,13.0,False,GEO
2018,Germany,You Let Me Walk Alone,Michael Schulte,4.0,340.0,0.0,0.0,11.0,1.0,1.0,,,,,1,,1,M,0,1,English,,,,,,0,False,1,1,Central,9,30,34.0,,204.0,136.0,,,False,DEU
2018,Greece,Oniro Mou,Yianna Terzi,,,0.0,0.0,,0.0,0.0,1.0,14.0,81.0,14.0,0,,1,F,0,1,Greek,,,,,,0,True,1,1,Southern,13,39,119.0,0.928571429,,,28.0,53.0,False,GRC
2018,Hungary,Viszlat Nyar,AWS,21.0,93.0,0.0,0.0,21.0,1.0,0.0,2.0,10.0,111.0,13.0,1,,0,M,0,4,Hungarian,,,,,,0,True,1,1,Central,19,11,0.0,0.818181818,28.0,65.0,,,False,HUN
2018,Iceland,Our Choice,Ari Olafsson,,,0.0,0.0,,0.0,0.0,1.0,19.0,15.0,2.0,1,,1,M,0,1,English,,,,,,0,False,0,1,Northern,43,31,0.0,0.571428571,,,15.0,0.0,False,ISL
2018,Ireland,Together,Ryan O'Shaughnessy,16.0,136.0,0.0,0.0,24.0,1.0,0.0,1.0,6.0,179.0,18.0,0,,1,M,0,1,English,,,,,,0,False,1,0,Western,23,41,5.0,0.5,74.0,62.0,,,False,IRL
2018,Israel,TOY,Netta,1.0,529.0,0.0,0.0,22.0,1.0,0.0,1.0,1.0,283.0,7.0,1,,1,F,0,1,English,Hebrew,,,,,1,True,0,0,South-Eastern,2,20,456.0,0.571428571,212.0,317.0,,,False,ISR
2018,Italy,Non Mi Avete Fatto Niente,Ermal Meta e Fabrizio Moro,5.0,308.0,0.0,0.0,26.0,1.0,1.0,,,,,1,,0,M,0,2,Italian,,,,,,0,True,1,1,Western,7,12,75.0,,59.0,249.0,,,False,ITA
2018,Latvia,Funny Girl,Laura Rizzotto,,,0.0,0.0,,0.0,0.0,2.0,12.0,106.0,14.0,1,,1,F,0,1,English,,,,,,0,False,1,1,Northern,33,40,3.0,0.428571429,,,92.0,14.0,False,LVA
2018,Lithuania,When We're Old,Ieva Zasimauskaite,12.0,181.0,0.0,0.0,4.0,1.0,0.0,1.0,9.0,119.0,6.0,1,,1,F,0,1,English,Lithuanian,,,,,1,True,1,1,Northern,17,37,5.0,0.571428571,90.0,91.0,,,False,LTU
2018,Malta,Taboo,Christabelle,,,0.0,0.0,,0.0,0.0,2.0,13.0,101.0,12.0,1,,1,F,0,1,English,,,,,,0,False,1,0,Western,32,15,0.0,0.571428571,,,93.0,8.0,False,MLT
2018,Moldova,My Lucky Day,DoReDos,10.0,209.0,0.0,0.0,19.0,1.0,0.0,2.0,3.0,235.0,7.0,1,,0,Mixed,0,3,English,,,,,,0,False,0,0,Eastern,29,42,2.0,0.642857143,94.0,115.0,,,False,MDA
2018,Montenegro,Inje,Vanja Radovanovic,,,0.0,0.0,,0.0,0.0,2.0,16.0,40.0,16.0,1,,1,M,0,1,Montenegrin,,,,,,0,True,0,1,Southern,40,16,0.0,0.1,,,23.0,17.0,False,MNE
2018,Netherlands,Outlaw In 'Em,Waylon,18.0,121.0,0.0,0.0,23.0,1.0,0.0,2.0,7.0,174.0,8.0,0,,1,M,1,1,English,,,,,,0,False,1,1,Western,30,5,0.0,0.357142857,89.0,32.0,,,False,NLD
2018,Norway,That's How You Write A Song,Alexander Rybak,15.0,144.0,0.0,0.0,7.0,1.0,0.0,2.0,1.0,266.0,1.0,1,,1,M,1,1,English,,,,,,0,False,0,1,Northern,26,27,13.0,0.785714286,60.0,84.0,,,False,NOR
2018,Poland,Light Me Up,Gromee feat. Lukas Meijer,,,0.0,0.0,,0.0,0.0,2.0,14.0,81.0,11.0,1,,0,M,0,2,English,,,,,,0,False,1,1,Eastern,34,7,5.0,0.5,,,21.0,60.0,False,POL
2018,Portugal,O Jardim,Claudia Pascoal,26.0,39.0,0.0,0.0,8.0,1.0,1.0,,,,,1,,1,F,0,1,Portuguese,,,,,,0,True,1,1,Western,20,36,0.0,0.333333333,21.0,18.0,,,False,PRT
2018,Romania,Goodbye,The Humans,,,0.0,0.0,,0.0,0.0,2.0,11.0,107.0,2.0,1,,0,Mixed,0,5,English,,,,,,0,False,1,1,Eastern,39,38,0.0,1.0,,,67.0,40.0,False,ROU
2018,Russia,I Won't Break,Julia Samoylova,,,0.0,0.0,,0.0,0.0,2.0,15.0,65.0,6.0,0,,1,F,0,1,English,,,,,,0,False,0,0,Eastern,38,13,1.0,1.0,,,14.0,51.0,False,RUS
2018,San Marino,Who We Are,Jessika featuring Jenifer Brening,,,0.0,0.0,,0.0,0.0,2.0,17.0,28.0,4.0,1,,0,F,0,2,English,,,,,,0,False,0,0,Western,41,24,0.0,0.125,,,14.0,14.0,False,SMR
2018,Serbia,Nova Deca,Sanja Ilic & Balkanika,19.0,113.0,0.0,0.0,10.0,1.0,0.0,2.0,9.0,117.0,3.0,1,,0,Mixed,0,6,Serbian,Torlakian,,,,,1,True,0,0,Southern,35,33,2.0,0.7,38.0,75.0,,,False,SRB
2018,Slovenia,"Hvala, ne!",Lea Sirk,22.0,64.0,0.0,0.0,3.0,1.0,0.0,2.0,8.0,132.0,17.0,1,,1,F,0,1,Slovene,Portuguese,,,,,1,True,1,1,Central,27,29,0.0,0.285714286,41.0,23.0,,,False,SVN
2018,Spain,Tu Cancion,Amaia y Alfred,23.0,61.0,0.0,0.0,2.0,1.0,1.0,,,,,1,,0,Mixed,0,2,Spanish,,,,,,0,True,1,1,Western,24,17,26.0,,43.0,18.0,,,False,ESP
2018,Sweden,Dance You Off,Benjamin Ingrosso,7.0,274.0,0.0,0.0,20.0,1.0,0.0,2.0,2.0,254.0,15.0,1,,1,M,0,1,English,,,,,,0,False,1,0,Northern,12,23,91.0,0.928571429,253.0,21.0,,,False,SWE
2018,Switzerland,Stones,ZiBBZ,,,0.0,0.0,,0.0,0.0,1.0,13.0,86.0,17.0,1,,0,Mixed,0,2,English,,,,,,0,False,0,0,Central,18,22,0.0,0.285714286,,,59.0,27.0,False,CHE
2018,Ukraine,Under The Ladder,MELOVIN,17.0,130.0,0.0,0.0,1.0,1.0,0.0,2.0,6.0,179.0,18.0,1,,1,M,0,1,English,,,,,,0,False,0,0,Eastern,10,21,19.0,1.0,11.0,119.0,,,False,UKR
2018,United Kingdom,Storm,SuRie,24.0,48.0,0.0,0.0,9.0,1.0,1.0,,,,,1,,1,F,0,1,English,,,,,,0,True,0,1,Western,31,10,4.0,,23.0,25.0,,,False,GBR
2017,Albania,World,Lindita,,,0.0,0.0,,0.0,0.0,1.0,14.0,76.0,4.0,1,,1,F,0,1,English,,,,,,0,False,0,1,Southern,24,7,0.0,0.538461538,,,38.0,38.0,False,ALB
2017,Armenia,Fly With Me,Artsvik,18.0,79.0,0.0,0.0,5.0,1.0,0.0,1.0,7.0,152.0,16.0,1,,1,F,0,1,English,,,,,,0,False,0,0,South-Eastern,14,40,7.0,0.9,58.0,21.0,,,False,ARM
2017,Australia,Don't Come Easy,Isaiah,9.0,173.0,0.0,0.0,14.0,1.0,0.0,1.0,6.0,160.0,3.0,0,,1,M,0,1,English,,,,,,0,True,0,0,Western,26,9,36.0,1.0,171.0,2.0,,,False,AUS
2017,Austria,Running On Air,Nathan Trent,16.0,93.0,0.0,0.0,4.0,1.0,0.0,2.0,7.0,147.0,2.0,0,,1,M,0,1,English,,,,,,0,False,1,0,Central,25,8,14.0,0.555555556,93.0,0.0,,,False,AUT
2017,Azerbaijan,Skeletons,Dihaj,14.0,120.0,0.0,0.0,12.0,1.0,0.0,1.0,8.0,150.0,8.0,0,,1,F,0,1,English,,,,,,0,False,0,0,South-Eastern,5,16,34.0,1.0,78.0,42.0,,,False,AZE
2017,Belarus,Story of My Life,Naviband,17.0,83.0,0.0,0.0,3.0,1.0,0.0,2.0,9.0,110.0,14.0,1,,0,Mixed,0,2,Belarusian,,,,,,0,True,0,0,Eastern,17,6,15.0,0.307692308,50.0,33.0,,,False,BLR
2017,Belgium,City Lights,Blanche,4.0,363.0,0.0,0.0,23.0,1.0,0.0,1.0,4.0,165.0,5.0,0,,1,F,0,1,English,,,,,,0,False,1,1,Western,1,36,335.0,0.384615385,108.0,255.0,,,False,BEL
2017,Bulgaria,Beautiful Mess,Kristian Kostov,2.0,615.0,0.0,0.0,25.0,1.0,0.0,2.0,1.0,403.0,15.0,0,,1,M,0,1,English,,,,,,0,False,1,1,Eastern,2,24,120.0,0.2,278.0,337.0,,,False,BGR
2017,Croatia,My Friend,Jacques Houdek,13.0,128.0,0.0,0.0,13.0,1.0,0.0,2.0,8.0,141.0,11.0,0,,1,M,0,1,English,Italian,,,,,1,False,1,1,Southern,32,14,6.0,0.545454545,25.0,103.0,,,False,HRV
2017,Cyprus,Gravity,Hovig,21.0,68.0,0.0,0.0,19.0,1.0,0.0,1.0,5.0,164.0,15.0,0,,1,M,0,1,English,,,,,,0,False,1,0,South-Eastern,19,30,13.0,0.5,36.0,32.0,,,False,CYP
2017,Czech Republic,My Turn,Martina Barta,,,0.0,0.0,,0.0,0.0,1.0,13.0,83.0,14.0,0,,1,F,0,1,English,,,,,,0,False,1,1,Central,36,39,2.0,0.2,,,81.0,2.0,False,CZE
2017,Denmark,Where I Am,Anja,20.0,77.0,0.0,0.0,10.0,1.0,0.0,2.0,10.0,101.0,8.0,1,,1,F,0,1,English,,,,,,0,False,1,1,Northern,10,5,43.0,0.692307692,69.0,8.0,,,False,DNK
2017,Estonia,Verona,Koit Toome & Laura,,,0.0,0.0,,0.0,0.0,2.0,14.0,85.0,17.0,1,,0,Mixed,1,2,English,,,,,,0,False,1,1,Northern,22,27,242.0,0.384615385,,,16.0,69.0,False,EST
2017,Finland,Blackbird,Norma John,,,0.0,0.0,,0.0,0.0,1.0,12.0,92.0,7.0,1,,0,Mixed,0,2,English,,,,,,0,False,1,0,Northern,18,26,64.0,0.538461538,,,41.0,51.0,False,FIN
2017,France,Requiem,Alma,12.0,135.0,0.0,0.0,26.0,1.0,1.0,,,,,0,,1,F,0,1,French,English,,,,,1,True,1,1,Western,4,23,277.0,,45.0,90.0,,,False,FRA
2017,FYR Macedonia,Dance Alone,Jana Burceska,,,0.0,0.0,,0.0,0.0,2.0,15.0,69.0,3.0,0,,1,F,0,1,English,,,,,,0,False,0,1,Southern,12,13,107.0,0.384615385,,,,,False,MKD
2017,Georgia,Keep The Faith,Tamara Gachechiladze,,,0.0,0.0,,0.0,0.0,1.0,11.0,99.0,2.0,1,,1,F,0,1,English,,,,,,0,False,0,0,South-Eastern,30,34,4.0,0.777777778,,,62.0,37.0,False,GEO
2017,Germany,Perfect Life,Levina,25.0,6.0,0.0,1.0,21.0,1.0,1.0,,,,,1,,1,F,0,1,English,,,,,,0,False,1,1,Central,37,25,0.0,,3.0,3.0,,,False,DEU
2017,Greece,This is Love,Demy,19.0,77.0,0.0,0.0,15.0,1.0,0.0,1.0,10.0,115.0,10.0,0,,1,F,0,1,English,,,,,,0,False,1,1,Southern,29,29,6.0,0.923076923,48.0,29.0,,,False,GRC
2017,Hungary,Origo,Joci Papai,8.0,200.0,0.0,0.0,8.0,1.0,0.0,2.0,2.0,231.0,7.0,1,,1,M,0,1,Hungarian,,,,,,0,True,1,1,Central,11,33,40.0,0.8,48.0,152.0,,,False,HUN
2017,Iceland,Paper,Svala,,,0.0,0.0,,0.0,0.0,1.0,15.0,60.0,13.0,1,,1,F,0,1,English,,,,,,0,False,0,1,Northern,31,21,9.0,0.615384615,,,29.0,31.0,False,ISL
2017,Ireland,Dying to Try,Brendan Murray,,,0.0,0.0,,0.0,0.0,2.0,13.0,86.0,9.0,0,,1,M,0,1,English,,,,,,0,False,1,0,Western,34,38,4.0,0.538461538,,,45.0,41.0,False,IRL
2017,Israel,I Feel Alive,IMRI,23.0,39.0,0.0,0.0,1.0,1.0,0.0,2.0,3.0,207.0,18.0,1,,1,M,0,1,English,,,,,,0,False,0,0,South-Eastern,21,19,102.0,0.538461538,34.0,5.0,,,False,ISR
2017,Italy,Occidentali's Karma,Francesco Gabbani,6.0,334.0,0.0,0.0,9.0,1.0,1.0,,,,,1,,1,M,0,1,Italian,Sanskrit,Ancient Greek,,,,1,True,1,1,Western,3,2,497.0,,126.0,208.0,,,False,ITA
2017,Latvia,Line,Triana Park,,,0.0,0.0,,0.0,0.0,1.0,18.0,21.0,18.0,1,,0,Mixed,0,4,English,,,,,,0,False,1,1,Northern,27,31,12.0,0.461538462,,,1.0,20.0,False,LVA
2017,Lithuania,Rain Of Revolution,Fusedmarc,,,0.0,0.0,,0.0,0.0,2.0,17.0,42.0,16.0,1,,0,Mixed,0,3,English,,,,,,0,False,1,1,Northern,39,41,0.0,0.615384615,,,17.0,25.0,False,LTU
2017,Malta,Breathlessly,Claudia Faniello,,,0.0,0.0,,0.0,0.0,2.0,16.0,55.0,4.0,1,,1,F,0,1,English,,,,,,0,False,1,0,Western,40,18,0.0,0.615384615,,,55.0,0.0,False,MLT
2017,Moldova,Hey Mamma,Sunstroke Project,3.0,374.0,0.0,0.0,7.0,1.0,0.0,1.0,2.0,291.0,12.0,1,,0,M,1,3,English,,,,,,0,False,0,0,Eastern,7,10,0.0,0.615384615,110.0,264.0,,,False,MDA
2017,Montenegro,Space,Slavko Kalezi?,,,0.0,0.0,,0.0,0.0,1.0,16.0,56.0,6.0,0,,1,M,0,1,English,,,,,,0,False,0,1,Southern,35,20,17.0,0.111111111,,,17.0,39.0,False,MNE
2017,Netherlands,Lights and Shadows,OG3NE,11.0,150.0,0.0,0.0,6.0,1.0,0.0,2.0,4.0,200.0,6.0,0,,0,F,0,3,English,,,,,,0,False,1,1,Western,20,32,3.0,0.307692308,135.0,15.0,,,False,NLD
2017,Norway,Grab The Moment,JOWST,10.0,158.0,0.0,0.0,17.0,1.0,0.0,2.0,5.0,189.0,12.0,1,,1,M,0,1,English,,,,,,0,False,0,1,Northern,15,12,30.0,0.769230769,129.0,29.0,,,False,NOR
2017,Poland,Flashlight,Kasia Mos,22.0,64.0,0.0,0.0,2.0,1.0,0.0,1.0,9.0,119.0,11.0,1,,1,F,0,1,English,,,,,,0,False,1,1,Eastern,23,42,4.0,0.454545455,23.0,41.0,,,False,POL
2017,Portugal,Amar Pelos Dois,Salvador Sobral,1.0,758.0,0.0,0.0,11.0,1.0,0.0,1.0,1.0,370.0,9.0,1,,1,M,0,1,Portuguese,,,,,,0,True,1,1,Western,6,35,122.0,0.272727273,382.0,376.0,,,False,PRT
2017,Romania,Yodel It!,Ilinca ft. Alex Florea,7.0,282.0,0.0,0.0,20.0,1.0,0.0,2.0,6.0,174.0,5.0,1,,0,Mixed,0,2,English,,,,,,0,False,1,1,Eastern,16,11,18.0,1.0,58.0,224.0,,,False,ROU
2017,San Marino,Spirit of the Night,Valentina Monetta and Jimmie Wilson,,,0.0,0.0,,0.0,0.0,2.0,18.0,1.0,10.0,0,,0,Mixed,1,2,English,,,,,,0,False,0,0,Western,41,22,5.0,0.142857143,,,0.0,1.0,False,SMR
2017,Serbia,In Too Deep,Tijana Bogicevic,,,0.0,0.0,,0.0,0.0,2.0,11.0,98.0,1.0,0,,1,F,0,1,English,,,,,,0,False,0,0,Southern,28,15,3.0,0.777777778,,,53.0,45.0,False,SRB
2017,Slovenia,On My Way,Omar Naber,,,0.0,0.0,,0.0,0.0,1.0,17.0,36.0,17.0,1,,1,M,1,1,English,,,,,,0,False,1,1,Central,42,17,0.0,0.307692308,,,16.0,20.0,False,SVN
2017,Spain,Do It For Your Lover,Manel Navarro,26.0,5.0,1.0,1.0,16.0,1.0,1.0,,,,,1,,1,M,0,1,Spanish,English,,,,,1,True,1,1,Western,38,37,0.0,,0.0,5.0,,,False,ESP
2017,Sweden,I Can't Go On,Robin Bengtsson,5.0,344.0,0.0,0.0,24.0,1.0,0.0,1.0,3.0,227.0,1.0,1,,1,M,0,1,English,,,,,,0,False,1,0,Northern,8,3,308.0,0.923076923,218.0,126.0,,,False,SWE
2017,Switzerland,Apollo,Timebelle,,,0.0,0.0,,0.0,0.0,2.0,12.0,97.0,13.0,1,,0,Mixed,0,3,English,,,,,,0,False,0,0,Central,13,1,41.0,0.307692308,,,48.0,49.0,False,CHE
2017,Ukraine,Time,O.Torvald,24.0,36.0,0.0,0.0,22.0,1.0,1.0,,,,,1,,0,M,0,4,English,,,,,,0,False,0,0,Eastern,33,28,0.0,1.0,12.0,24.0,,,False,UKR
2017,United Kingdom,Never Give Up On You,Lucie Jones,15.0,111.0,0.0,0.0,18.0,1.0,1.0,,,,,1,,1,F,0,1,English,,,,,,0,True,0,1,Western,9,4,12.0,,99.0,12.0,,,False,GBR
2016,Albania,Fairytale,Eneda Tarifa,,,0.0,0.0,,0.0,0.0,2.0,16.0,45.0,17.0,1,,1,F,0,1,English,,,,,,0,False,0,1,Southern,32,40,0.0,0.583333333,,,10.0,35.0,False,ALB
2016,Armenia,LoveWave,Iveta Mukuchyan,7.0,249.0,0.0,0.0,26.0,1.0,0.0,1.0,2.0,243.0,7.0,0,,1,F,0,1,English,,,,,,0,False,0,0,South-Eastern,5,39,13.0,0.888888889,115.0,134.0,,,False,ARM
2016,Australia,Sound Of Silence,Dami Im,2.0,511.0,0.0,0.0,13.0,1.0,0.0,2.0,1.0,330.0,10.0,0,,1,F,0,1,English,,,,,,0,True,0,0,Western,1,15,280.0,1.0,320.0,191.0,,,False,AUS
2016,Austria,Loin d'ici,ZOE,13.0,151.0,0.0,0.0,24.0,1.0,0.0,1.0,7.0,170.0,12.0,1,,1,F,0,1,French,,,,,,0,False,1,0,Central,11,8,128.0,0.5,31.0,120.0,,,False,AUT
2016,Azerbaijan,Miracle,Samra,17.0,117.0,0.0,0.0,4.0,1.0,0.0,1.0,6.0,185.0,14.0,0,,1,F,0,1,English,,,,,,0,False,0,0,South-Eastern,15,12,35.0,1.0,44.0,73.0,,,False,AZE
2016,Belarus,Help You Fly,IVAN,,,0.0,0.0,,0.0,0.0,2.0,12.0,84.0,5.0,1,,1,M,0,1,English,,,,,,0,False,0,0,Eastern,29,34,0.0,0.333333333,,,32.0,52.0,False,BLR
2016,Belgium,What's The Pressure,Laura Tesoro,10.0,181.0,0.0,0.0,1.0,1.0,0.0,2.0,3.0,274.0,18.0,1,,1,F,0,1,English,,,,,,0,False,1,1,Western,12,1,2.0,0.333333333,130.0,51.0,,,False,BEL
2016,Bosnia & Herzegovina,Ljubav Je,Dalal & Deen feat. Ana Rucner and Jala,,,0.0,0.0,,0.0,0.0,1.0,11.0,104.0,17.0,0,,0,Mixed,1,4,Bosnian,,,,,,0,False,0,0,Southern,31,6,0.0,1.0,,,26.0,78.0,False,BIH
2016,Bulgaria,If Love Was A Crime,Poli Genova,4.0,307.0,0.0,0.0,8.0,1.0,0.0,2.0,5.0,220.0,12.0,0,,1,F,1,1,English,Bulgarian,,,,,1,True,1,1,Eastern,2,13,175.0,0.111111111,127.0,180.0,,,False,BGR
2016,Croatia,Lighthouse,Nina Kraljic,23.0,73.0,0.0,0.0,17.0,1.0,0.0,1.0,10.0,133.0,5.0,0,,1,F,0,1,English,,,,,,0,False,1,1,Southern,16,26,63.0,0.5,40.0,33.0,,,False,HRV
2016,Cyprus,Alter Ego,Minus One,21.0,96.0,0.0,0.0,14.0,1.0,0.0,1.0,8.0,164.0,11.0,0,,0,M,0,5,English,,,,,,0,False,1,0,South-Eastern,20,7,59.0,0.454545455,43.0,53.0,,,False,CYP
2016,Czech Republic,I Stand,Gabriela Guncíkova,25.0,41.0,0.0,0.0,2.0,1.0,0.0,1.0,9.0,161.0,10.0,0,,1,F,0,1,English,,,,,,0,False,1,1,Central,14,24,36.0,0.0,41.0,0.0,,,False,CZE
2016,Denmark,Soldiers Of Love,Lighthouse X,,,0.0,0.0,,0.0,0.0,2.0,17.0,34.0,13.0,1,,0,M,0,3,English,,,,,,0,False,1,1,Northern,30,16,0.0,0.75,,,10.0,24.0,False,DNK
2016,Estonia,Play,Juri Pootsmann,,,0.0,0.0,,0.0,0.0,1.0,18.0,24.0,13.0,1,,1,M,0,1,English,,,,,,0,False,1,1,Northern,27,14,31.0,0.416666667,,,9.0,15.0,False,EST
2016,Finland,Sing It Away,Sandhja,,,0.0,0.0,,0.0,0.0,1.0,15.0,51.0,1.0,1,,1,F,0,1,English,,,,,,0,False,1,0,Northern,37,31,0.0,0.583333333,,,35.0,16.0,False,FIN
2016,France,J'ai cherche,Amir,6.0,257.0,0.0,0.0,11.0,1.0,1.0,,,,,0,,1,M,0,1,French,English,,,,,1,True,1,1,Western,6,11,425.0,,148.0,109.0,,,False,FRA
2016,FYR Macedonia,Dona,Kaliopi,,,0.0,0.0,,0.0,0.0,2.0,11.0,88.0,8.0,0,,1,F,1,1,Macedonian,,,,,,0,True,0,1,Southern,34,36,6.0,0.416666667,,,,,False,MKD
2016,Georgia,Midnight Gold,Nika Kocharov and Young Georgian Lolitaz,20.0,104.0,0.0,0.0,23.0,1.0,0.0,2.0,9.0,123.0,16.0,1,,0,M,0,4,English,,,,,,0,False,0,0,South-Eastern,28,41,0.0,0.75,80.0,24.0,,,False,GEO
2016,Germany,Ghost,Jamie-Lee,26.0,11.0,0.0,0.0,10.0,1.0,1.0,,,,,1,,1,F,0,1,English,,,,,,0,False,1,1,Central,25,4,4.0,,1.0,10.0,,,False,DEU
2016,Greece,Utopian Land,Argo,,,0.0,0.0,,0.0,0.0,1.0,16.0,44.0,2.0,0,,0,Mixed,0,6,English,Greek,Pontic Greek,,,,1,True,1,1,Southern,38,29,0.0,1.0,,,22.0,22.0,False,GRC
2016,Hungary,Pioneer,Freddie,19.0,108.0,0.0,0.0,5.0,1.0,0.0,1.0,4.0,197.0,4.0,1,,1,M,0,1,English,,,,,,0,False,1,1,Central,8,5,80.0,0.777777778,52.0,56.0,,,False,HUN
2016,Iceland,Hear Them Calling,Greta Salome,,,0.0,0.0,,0.0,0.0,1.0,14.0,51.0,16.0,1,,1,F,1,1,English,,,,,,0,False,0,1,Northern,17,19,44.0,0.666666667,,,27.0,24.0,False,ISL
2016,Ireland,Sunlight,Nicky Byrne,,,0.0,0.0,,0.0,0.0,2.0,15.0,46.0,7.0,0,,1,M,0,1,English,,,,,,0,False,1,0,Western,40,27,8.0,0.583333333,,,15.0,31.0,False,IRL
2016,Israel,Made Of Stars,Hovi Star,14.0,135.0,0.0,0.0,7.0,1.0,0.0,2.0,7.0,147.0,4.0,1,,1,M,0,1,English,,,,,,0,False,0,0,South-Eastern,23,20,4.0,0.5,124.0,11.0,,,False,ISR
2016,Italy,No Degree Of Separation,Francesca Michielin,16.0,124.0,0.0,0.0,6.0,1.0,1.0,,,,,1,,1,F,0,1,Italian,English,,,,,1,True,1,1,Western,10,23,170.0,,90.0,34.0,,,False,ITA
2016,Latvia,Heartbeat,Justs,15.0,132.0,0.0,0.0,20.0,1.0,0.0,2.0,8.0,132.0,1.0,1,,1,M,0,1,English,,,,,,0,False,1,1,Northern,9,37,110.0,0.416666667,69.0,63.0,,,False,LVA
2016,Lithuania,I've Been Waiting For This Night,Donny Montell,9.0,200.0,0.0,0.0,16.0,1.0,0.0,2.0,4.0,222.0,9.0,1,,1,M,1,1,English,,,,,,0,False,1,1,Northern,24,25,6.0,0.583333333,104.0,96.0,,,False,LTU
2016,Malta,Walk On Walter,Ira Losco,12.0,153.0,0.0,0.0,22.0,1.0,0.0,1.0,3.0,209.0,18.0,1,,1,F,1,1,English,,,,,,0,False,1,0,Western,21,10,6.0,0.583333333,137.0,16.0,,,False,MLT
2016,Moldova,Falling Stars,Lidia Isac,,,0.0,0.0,,0.0,0.0,1.0,17.0,33.0,3.0,1,,1,F,0,1,English,,,,,,0,False,0,0,Eastern,35,32,0.0,0.666666667,,,24.0,9.0,False,MDA
2016,Montenegro,The Real Thing,Highway,,,0.0,0.0,,0.0,0.0,1.0,13.0,60.0,15.0,0,,0,M,1,3,English,,,,,,0,False,0,1,Southern,42,28,0.0,0.125,,,46.0,14.0,False,MNE
2016,Netherlands,Slow Down,Douwe Bob,11.0,153.0,0.0,0.0,3.0,1.0,0.0,1.0,5.0,197.0,6.0,0,,1,M,0,1,English,,,,,,0,False,1,1,Western,26,33,0.0,0.25,114.0,39.0,,,False,NLD
2016,Norway,Icebreaker,Agnete,,,0.0,0.0,,0.0,0.0,2.0,13.0,63.0,15.0,1,,1,F,0,1,English,,,,,,0,False,0,1,Northern,22,35,15.0,0.833333333,,,29.0,34.0,False,NOR
2016,Poland,Color Of Your Life,Micha? Szpak,8.0,229.0,0.0,0.0,12.0,1.0,0.0,2.0,6.0,151.0,2.0,1,,1,M,0,1,English,,,,,,0,False,1,1,Eastern,13,30,28.0,0.4,7.0,222.0,,,False,POL
2016,Russia,You Are The Only One,Sergey Lazarev,3.0,491.0,0.0,0.0,18.0,1.0,0.0,1.0,1.0,342.0,9.0,0,,1,M,0,1,English,,,,,,0,False,0,0,Eastern,3,3,392.0,1.0,130.0,361.0,,,False,RUS
2016,San Marino,I Didn't Know,Serhat,,,0.0,0.0,,0.0,0.0,1.0,12.0,68.0,8.0,0,,1,M,0,1,English,,,,,,0,False,0,0,Western,41,38,4.0,0.166666667,,,19.0,49.0,False,SMR
2016,Serbia,Goodbye (Shelter),Sanja Vucic ZAA,18.0,115.0,0.0,0.0,15.0,1.0,0.0,2.0,10.0,105.0,6.0,0,,1,F,0,1,English,,,,,,0,False,0,0,Southern,19,17,42.0,0.75,35.0,80.0,,,False,SRB
2016,Slovenia,Blue And Red,ManuElla,,,0.0,0.0,,0.0,0.0,2.0,14.0,57.0,11.0,1,,1,F,0,1,English,,,,,,0,False,1,1,Central,39,21,6.0,0.333333333,,,49.0,8.0,False,SVN
2016,Spain,Say Yay!,Barei,22.0,77.0,0.0,0.0,19.0,1.0,1.0,,,,,1,,1,F,0,1,English,,,,,,0,False,1,1,Western,7,2,155.0,,67.0,10.0,,,False,ESP
2016,Sweden,If I Were Sorry,Frans,5.0,261.0,0.0,0.0,9.0,1.0,1.0,,,,,1,,1,M,0,1,English,,,,,,0,False,1,0,Northern,18,18,79.0,0.916666667,122.0,139.0,,,False,SWE
2016,Switzerland,The Last Of Our Kind,Rykka,,,0.0,0.0,,0.0,0.0,2.0,18.0,28.0,3.0,1,,1,F,0,1,English,,,,,,0,False,0,0,Central,36,22,0.0,0.333333333,,,25.0,3.0,False,CHE
2016,Ukraine,1944,Jamala,1.0,534.0,0.0,0.0,21.0,1.0,0.0,2.0,2.0,287.0,14.0,1,,1,F,0,1,English,Crimean Tatar,,,,,1,False,0,0,Eastern,4,42,88.0,1.0,211.0,323.0,,,False,UKR
2016,United Kingdom,You're Not Alone,Joe and Jake,24.0,62.0,0.0,0.0,25.0,1.0,1.0,,,,,1,,0,M,0,2,English,,,,,,0,True,0,1,Western,33,9,0.0,,54.0,8.0,,,False,GBR
